Crime_ID,Date,Time,Crime_Type,Location_Desc,Latitude,Longitude,Outcome
DUT10001,2022-08-17,00:47:00,Theft,Outskirts,12.543934,7.557235,Not Arrested
DUT10002,2022-07-29,21:47:00,Vandalism,Near School,12.546954,7.590461,Arrested
DUT10003,2022-03-07,00:05:00,Theft,Town Centre,12.529317,7.555317,Not Arrested
DUT10004,2023-02-12,22:41:00,Robbery,Near School,12.565584,7.575349,Not Arrested
DUT10005,2023-07-24,00:48:00,Vandalism,Residential Area,12.524611,7.570851,Not Arrested
DUT10006,2023-07-24,04:13:00,Fraud,Town Centre,12.524732,7.550685,Not Arrested
DUT10007,2024-02-18,03:22:00,Vandalism,Town Centre,12.538839,7.521734,Not Arrested
DUT10008,2024-07-29,17:07:00,Fraud,Motorpark,12.499502,7.548754,Not Arrested
DUT10009,2023-08-24,20:39:00,Vandalism,Market,12.513743,7.566285,Not Arrested
DUT10010,2022-05-23,01:42:00,Theft,Town Centre,12.51584,7.531754,Not Arrested
DUT10011,2023-04-22,03:24:00,Theft,Residential Area,12.563313,7.555484,Not Arrested
DUT10012,2022-11-30,11:22:00,Theft,Outskirts,12.535351,7.531505,Not Arrested
DUT10013,2022-05-27,19:40:00,Theft,Market,12.523112,7.562218,Not Arrested
DUT10014,2024-08-04,12:17:00,Fraud,Motorpark,12.51098,7.567514,Not Arrested
DUT10015,2023-03-26,21:20:00,Vandalism,Market,12.521987,7.554166,Not Arrested
DUT10016,2022-03-07,10:25:00,Theft,Motorpark,12.521966,7.597046,Not Arrested
DUT10017,2023-10-07,06:41:00,Assault,Outskirts,12.53373,7.538846,Under Investigation
DUT10018,2024-07-28,04:16:00,Theft,Motorpark,12.550451,7.535583,Not Arrested
DUT10019,2023-06-23,23:37:00,Assault,Residential Area,12.538177,7.520807,Not Arrested
DUT10020,2023-03-26,04:32:00,Assault,Town Centre,12.507436,7.563937,Not Arrested
DUT10021,2022-11-10,20:10:00,Robbery,Town Centre,12.548769,7.563427,Not Arrested
DUT10022,2024-02-28,12:38:00,Fraud,Motorpark,12.531687,7.553978,Not Arrested
DUT10023,2022-01-24,21:46:00,Theft,Residential Area,12.50443,7.545603,Under Investigation
DUT10024,2023-11-28,03:18:00,Assault,Outskirts,12.524787,7.581142,Not Arrested
DUT10025,2023-06-24,16:48:00,Theft,Outskirts,12.540872,7.524739,Under Investigation
DUT10026,2023-09-04,20:32:00,Burglary,Market,12.540482,7.552298,Arrested
DUT10027,2024-12-22,00:38:00,Assault,Residential Area,12.520462,7.572234,Arrested
DUT10028,2023-09-22,07:03:00,Theft,Town Centre,12.55462,7.578626,Not Arrested
DUT10029,2022-06-25,23:31:00,Vandalism,Motorpark,12.517216,7.553816,Under Investigation
DUT10030,2022-09-15,04:42:00,Assault,Residential Area,12.540625,7.579511,Not Arrested
DUT10031,2024-12-16,19:27:00,Fraud,Outskirts,12.524417,7.556287,Under Investigation
DUT10032,2023-02-16,22:19:00,Assault,Residential Area,12.511873,7.536076,Not Arrested
DUT10033,2024-06-16,16:28:00,Theft,Residential Area,12.550251,7.587125,Not Arrested
DUT10034,2022-02-13,18:35:00,Theft,Town Centre,12.53256,7.580071,Not Arrested
DUT10035,2022-05-01,07:04:00,Fraud,Town Centre,12.541233,7.547098,Under Investigation
DUT10036,2024-11-18,07:17:00,Robbery,Market,12.541228,7.590761,Not Arrested
DUT10037,2024-08-26,07:50:00,Assault,Town Centre,12.533283,7.591293,Not Arrested
DUT10038,2022-07-18,21:27:00,Assault,Outskirts,12.481605,7.576438,Not Arrested
DUT10039,2022-04-21,21:41:00,Fraud,Near School,12.535741,7.55402,Arrested
DUT10040,2023-11-26,03:15:00,Theft,Market,12.535835,7.520249,Not Arrested
DUT10041,2024-05-14,05:17:00,Assault,Town Centre,12.529607,7.567142,Under Investigation
DUT10042,2024-06-26,17:06:00,Theft,Town Centre,12.563558,7.549635,Under Investigation
DUT10043,2022-07-11,07:10:00,Assault,Near School,12.51783,7.549965,Not Arrested
DUT10044,2022-05-01,05:24:00,Theft,Near School,12.552308,7.566575,Not Arrested
DUT10045,2023-08-08,13:44:00,Fraud,Motorpark,12.523405,7.570265,Under Investigation
DUT10046,2024-09-23,04:12:00,Theft,Motorpark,12.535942,7.579373,Under Investigation
DUT10047,2022-05-05,23:20:00,Theft,Motorpark,12.519959,7.553447,Not Arrested
DUT10048,2024-12-23,05:03:00,Fraud,Market,12.526158,7.53073,Arrested
DUT10049,2022-05-21,19:04:00,Robbery,Town Centre,12.539922,7.565221,Not Arrested
DUT10050,2023-05-20,18:38:00,Theft,Outskirts,12.534102,7.555308,Arrested
DUT10051,2024-12-06,10:59:00,Theft,Residential Area,12.505693,7.551587,Not Arrested
DUT10052,2023-05-04,08:25:00,Theft,Near School,12.527146,7.543954,Not Arrested
DUT10053,2023-10-10,02:00:00,Assault,Town Centre,12.530774,7.568081,Under Investigation
DUT10054,2022-05-31,17:13:00,Burglary,Residential Area,12.571724,7.563492,Arrested
DUT10055,2022-05-21,07:23:00,Theft,Motorpark,12.539151,7.558511,Not Arrested
DUT10056,2023-09-12,19:51:00,Robbery,Motorpark,12.495625,7.55947,Arrested
DUT10057,2023-09-06,21:06:00,Fraud,Town Centre,12.535205,7.609265,Arrested
DUT10058,2022-08-08,23:35:00,Theft,Market,12.530153,7.566031,Not Arrested
DUT10059,2023-12-04,06:43:00,Burglary,Near School,12.533306,7.536626,Not Arrested
DUT10060,2023-05-30,01:05:00,Burglary,Town Centre,12.556856,7.575039,Not Arrested
DUT10061,2022-01-08,10:49:00,Theft,Market,12.549821,7.541812,Under Investigation
DUT10062,2024-06-23,17:45:00,Assault,Town Centre,12.562056,7.531963,Arrested
DUT10063,2022-11-02,17:02:00,Vandalism,Market,12.545737,7.603809,Not Arrested
DUT10064,2024-05-30,04:02:00,Assault,Town Centre,12.514189,7.548674,Under Investigation
DUT10065,2024-01-03,06:43:00,Theft,Motorpark,12.535993,7.54993,Arrested
DUT10066,2024-04-12,19:47:00,Theft,Market,12.502987,7.561371,Under Investigation
DUT10067,2022-12-29,13:01:00,Theft,Near School,12.512754,7.569472,Under Investigation
DUT10068,2023-05-24,08:10:00,Robbery,Town Centre,12.515612,7.590999,Arrested
DUT10069,2024-08-21,07:12:00,Vandalism,Residential Area,12.518335,7.553559,Not Arrested
DUT10070,2023-04-12,07:01:00,Robbery,Residential Area,12.55027,7.535383,Not Arrested
DUT10071,2022-05-23,08:22:00,Burglary,Motorpark,12.538549,7.586143,Not Arrested
DUT10072,2023-11-10,00:07:00,Vandalism,Motorpark,12.50185,7.563693,Not Arrested
DUT10073,2023-06-28,01:06:00,Burglary,Residential Area,12.539198,7.575636,Not Arrested
DUT10074,2024-06-12,19:32:00,Theft,Market,12.509261,7.533591,Under Investigation
DUT10075,2023-06-06,01:45:00,Assault,Motorpark,12.544439,7.56594,Not Arrested
DUT10076,2023-02-08,11:27:00,Theft,Residential Area,12.53901,7.566929,Not Arrested
DUT10077,2023-10-05,21:54:00,Theft,Motorpark,12.5204,7.564645,Under Investigation
DUT10078,2023-09-26,21:26:00,Assault,Motorpark,12.539861,7.545713,Not Arrested
DUT10079,2022-09-18,06:26:00,Robbery,Outskirts,12.571315,7.569477,Not Arrested
DUT10080,2022-12-23,19:36:00,Assault,Town Centre,12.510174,7.573131,Not Arrested
DUT10081,2023-09-15,09:13:00,Assault,Outskirts,12.514506,7.575742,Not Arrested
DUT10082,2023-10-22,14:28:00,Assault,Near School,12.557172,7.543586,Not Arrested
DUT10083,2022-12-14,21:05:00,Theft,Motorpark,12.553268,7.568256,Not Arrested
DUT10084,2023-11-18,02:52:00,Fraud,Residential Area,12.550441,7.597936,Not Arrested
DUT10085,2023-04-06,06:09:00,Theft,Near School,12.529092,7.544925,Not Arrested
DUT10086,2022-05-30,14:26:00,Vandalism,Outskirts,12.51621,7.543684,Not Arrested
DUT10087,2024-02-26,15:25:00,Theft,Town Centre,12.532458,7.566823,Not Arrested
DUT10088,2022-08-07,13:14:00,Theft,Motorpark,12.539534,7.576544,Under Investigation
DUT10089,2024-08-09,01:35:00,Theft,Near School,12.53426,7.589071,Not Arrested
DUT10090,2022-10-01,14:42:00,Burglary,Residential Area,12.528707,7.614403,Not Arrested
DUT10091,2024-06-25,19:52:00,Robbery,Motorpark,12.546513,7.542857,Not Arrested
DUT10092,2024-07-02,05:47:00,Vandalism,Market,12.512582,7.569649,Not Arrested
DUT10093,2023-07-22,16:31:00,Burglary,Town Centre,12.529531,7.57428,Not Arrested
DUT10094,2023-08-09,07:17:00,Assault,Town Centre,12.543465,7.558543,Under Investigation
DUT10095,2022-10-11,04:14:00,Assault,Market,12.517064,7.529703,Arrested
DUT10096,2022-05-12,13:26:00,Assault,Town Centre,12.52507,7.577128,Not Arrested
DUT10097,2023-02-28,13:24:00,Fraud,Outskirts,12.538282,7.535085,Not Arrested
DUT10098,2022-02-10,18:24:00,Assault,Residential Area,12.537464,7.567706,Under Investigation
DUT10099,2024-03-09,13:34:00,Robbery,Motorpark,12.516323,7.563075,Not Arrested
DUT10100,2023-03-28,15:14:00,Theft,Near School,12.535164,7.537141,Not Arrested
DUT10101,2023-11-20,21:43:00,Robbery,Near School,12.541156,7.571216,Not Arrested
DUT10102,2022-09-19,19:34:00,Theft,Motorpark,12.555661,7.581076,Not Arrested
DUT10103,2022-02-25,02:41:00,Assault,Market,12.506447,7.541243,Under Investigation
DUT10104,2022-04-13,08:24:00,Assault,Residential Area,12.544301,7.570276,Not Arrested
DUT10105,2024-02-16,08:48:00,Fraud,Town Centre,12.544301,7.637055,Not Arrested
DUT10106,2024-08-21,00:47:00,Burglary,Residential Area,12.545418,7.582711,Under Investigation
DUT10107,2023-04-05,20:04:00,Robbery,Town Centre,12.55308,7.573028,Not Arrested
DUT10108,2023-05-22,06:53:00,Theft,Market,12.527695,7.575179,Arrested
DUT10109,2024-08-27,21:07:00,Burglary,Outskirts,12.518543,7.555264,Not Arrested
DUT10110,2023-06-09,11:10:00,Burglary,Outskirts,12.524293,7.561637,Under Investigation
DUT10111,2022-08-23,05:19:00,Theft,Residential Area,12.580293,7.522655,Arrested
DUT10112,2024-02-08,12:45:00,Theft,Outskirts,12.547725,7.527746,Not Arrested
DUT10113,2023-05-13,03:44:00,Robbery,Motorpark,12.524561,7.581779,Under Investigation
DUT10114,2022-09-05,18:50:00,Theft,Outskirts,12.535286,7.538445,Not Arrested
DUT10115,2024-01-29,02:32:00,Burglary,Near School,12.519694,7.573592,Arrested
DUT10116,2024-09-30,03:27:00,Fraud,Near School,12.519393,7.564329,Not Arrested
DUT10117,2022-11-10,13:11:00,Robbery,Residential Area,12.534911,7.546968,Under Investigation
DUT10118,2024-09-17,14:27:00,Vandalism,Residential Area,12.576879,7.572678,Not Arrested
DUT10119,2023-05-18,02:17:00,Vandalism,Near School,12.493497,7.563729,Not Arrested
DUT10120,2024-02-16,10:01:00,Assault,Near School,12.520764,7.577049,Not Arrested
DUT10121,2023-03-11,11:51:00,Theft,Motorpark,12.51815,7.557705,Not Arrested
DUT10122,2023-07-20,17:00:00,Burglary,Market,12.5441,7.577315,Arrested
DUT10123,2024-04-12,15:35:00,Robbery,Outskirts,12.509994,7.55331,Not Arrested
DUT10124,2024-10-02,14:50:00,Theft,Near School,12.524501,7.546933,Not Arrested
DUT10125,2023-05-14,09:42:00,Burglary,Motorpark,12.569309,7.5681,Not Arrested
DUT10126,2023-12-06,13:47:00,Burglary,Near School,12.508782,7.578357,Not Arrested
DUT10127,2023-07-09,09:16:00,Theft,Residential Area,12.576443,7.580649,Not Arrested
DUT10128,2022-09-02,23:34:00,Fraud,Market,12.503613,7.550315,Not Arrested
DUT10129,2023-03-20,23:30:00,Theft,Motorpark,12.559338,7.545847,Not Arrested
DUT10130,2023-08-03,03:53:00,Theft,Market,12.542876,7.575493,Not Arrested
DUT10131,2023-09-12,00:45:00,Burglary,Town Centre,12.515461,7.558809,Not Arrested
DUT10132,2023-08-22,22:08:00,Burglary,Town Centre,12.469175,7.539512,Not Arrested
DUT10133,2022-01-26,18:18:00,Assault,Market,12.528949,7.535044,Not Arrested
DUT10134,2022-04-16,08:55:00,Assault,Near School,12.566648,7.531397,Not Arrested
DUT10135,2024-10-04,02:36:00,Burglary,Market,12.525199,7.562615,Arrested
DUT10136,2023-09-15,02:15:00,Theft,Motorpark,12.562825,7.531283,Not Arrested
DUT10137,2023-04-08,16:24:00,Assault,Motorpark,12.557263,7.560205,Not Arrested
DUT10138,2024-05-28,09:36:00,Burglary,Outskirts,12.51437,7.569242,Not Arrested
DUT10139,2022-07-23,06:40:00,Theft,Market,12.537981,7.547996,Not Arrested
DUT10140,2023-05-07,05:35:00,Theft,Near School,12.535396,7.552294,Arrested
DUT10141,2024-08-20,09:02:00,Theft,Outskirts,12.53627,7.573243,Not Arrested
DUT10142,2024-07-18,02:43:00,Theft,Outskirts,12.56572,7.535244,Not Arrested
DUT10143,2023-02-10,13:07:00,Burglary,Residential Area,12.576661,7.520958,Not Arrested
DUT10144,2022-10-19,02:03:00,Theft,Outskirts,12.530964,7.571766,Not Arrested
DUT10145,2023-08-15,14:07:00,Assault,Near School,12.53962,7.547546,Not Arrested
DUT10146,2023-07-12,16:34:00,Assault,Town Centre,12.529838,7.55014,Arrested
DUT10147,2024-06-03,23:20:00,Burglary,Market,12.522213,7.576992,Arrested
DUT10148,2022-02-12,21:52:00,Theft,Market,12.54114,7.546142,Arrested
DUT10149,2024-08-21,16:41:00,Assault,Motorpark,12.551992,7.566146,Not Arrested
DUT10150,2024-06-11,20:52:00,Assault,Residential Area,12.550257,7.572593,Arrested
DUT10151,2024-04-16,10:20:00,Robbery,Residential Area,12.51742,7.548796,Under Investigation
DUT10152,2024-04-23,22:31:00,Theft,Motorpark,12.548946,7.572207,Under Investigation
DUT10153,2022-03-17,14:05:00,Assault,Near School,12.533582,7.562347,Not Arrested
DUT10154,2024-11-19,00:42:00,Vandalism,Town Centre,12.559553,7.548169,Not Arrested
DUT10155,2023-01-20,16:23:00,Burglary,Near School,12.544942,7.555956,Not Arrested
DUT10156,2022-04-16,06:17:00,Burglary,Near School,12.529646,7.581976,Under Investigation
DUT10157,2024-09-19,03:01:00,Fraud,Market,12.550508,7.57627,Not Arrested
DUT10158,2022-11-21,09:35:00,Theft,Market,12.56011,7.56042,Not Arrested
DUT10159,2022-08-21,14:07:00,Burglary,Outskirts,12.547639,7.553795,Arrested
DUT10160,2023-08-21,16:45:00,Theft,Near School,12.540483,7.557397,Not Arrested
DUT10161,2023-05-15,14:35:00,Theft,Motorpark,12.53594,7.571903,Arrested
DUT10162,2024-11-06,23:56:00,Theft,Near School,12.517636,7.601848,Arrested
DUT10163,2023-11-28,16:17:00,Vandalism,Residential Area,12.51388,7.535716,Not Arrested
DUT10164,2024-09-29,04:28:00,Burglary,Motorpark,12.557162,7.575833,Not Arrested
DUT10165,2024-02-12,14:59:00,Assault,Outskirts,12.546482,7.572567,Arrested
DUT10166,2023-05-05,18:24:00,Theft,Town Centre,12.533755,7.542055,Not Arrested
DUT10167,2023-10-14,23:30:00,Robbery,Near School,12.535516,7.546457,Not Arrested
DUT10168,2022-11-08,15:02:00,Theft,Residential Area,12.553502,7.557059,Under Investigation
DUT10169,2022-07-25,14:06:00,Burglary,Outskirts,12.51749,7.553572,Not Arrested
DUT10170,2022-10-23,13:55:00,Robbery,Near School,12.542259,7.548726,Arrested
DUT10171,2023-06-27,10:39:00,Robbery,Residential Area,12.517556,7.564874,Not Arrested
DUT10172,2024-12-28,12:20:00,Burglary,Near School,12.538899,7.549861,Under Investigation
DUT10173,2022-03-15,19:04:00,Theft,Residential Area,12.524579,7.564641,Not Arrested
DUT10174,2023-04-11,23:05:00,Assault,Outskirts,12.505038,7.531851,Arrested
DUT10175,2022-07-25,14:10:00,Robbery,Town Centre,12.519631,7.555731,Under Investigation
DUT10176,2023-10-27,01:18:00,Assault,Market,12.540218,7.589507,Not Arrested
DUT10177,2024-12-23,13:36:00,Robbery,Market,12.551153,7.556801,Arrested
DUT10178,2022-06-11,19:55:00,Assault,Near School,12.53362,7.539949,Not Arrested
DUT10179,2022-10-21,07:29:00,Burglary,Outskirts,12.53363,7.554227,Not Arrested
DUT10180,2022-01-20,14:57:00,Theft,Town Centre,12.540454,7.543455,Not Arrested
DUT10181,2024-06-23,11:37:00,Theft,Outskirts,12.544387,7.590655,Under Investigation
DUT10182,2023-05-28,14:54:00,Assault,Near School,12.531825,7.568034,Under Investigation
DUT10183,2022-08-07,07:24:00,Burglary,Outskirts,12.547803,7.551976,Not Arrested
DUT10184,2023-08-28,00:53:00,Robbery,Motorpark,12.538482,7.560252,Not Arrested
DUT10185,2022-04-11,19:47:00,Assault,Residential Area,12.535954,7.54454,Under Investigation
DUT10186,2023-04-17,19:51:00,Assault,Motorpark,12.53449,7.56996,Not Arrested
DUT10187,2023-05-29,21:48:00,Robbery,Market,12.563023,7.579185,Not Arrested
DUT10188,2022-07-18,20:41:00,Theft,Town Centre,12.577064,7.544653,Not Arrested
DUT10189,2024-01-18,23:08:00,Theft,Outskirts,12.551446,7.563667,Not Arrested
DUT10190,2024-04-30,05:12:00,Theft,Residential Area,12.577796,7.543834,Not Arrested
DUT10191,2024-12-23,16:58:00,Theft,Near School,12.517206,7.548012,Arrested
DUT10192,2023-08-28,23:55:00,Assault,Town Centre,12.491522,7.549485,Arrested
DUT10193,2022-10-16,07:55:00,Robbery,Near School,12.518817,7.563008,Not Arrested
DUT10194,2024-01-20,02:50:00,Assault,Town Centre,12.540835,7.597523,Not Arrested
DUT10195,2024-07-20,11:43:00,Robbery,Near School,12.553008,7.548462,Not Arrested
DUT10196,2024-01-31,03:43:00,Theft,Motorpark,12.516032,7.569838,Arrested
DUT10197,2023-11-03,19:14:00,Burglary,Near School,12.507595,7.596629,Not Arrested
DUT10198,2023-09-11,20:26:00,Theft,Town Centre,12.557589,7.550616,Arrested
DUT10199,2023-09-16,15:07:00,Theft,Market,12.499737,7.587077,Under Investigation
DUT10200,2024-03-06,14:23:00,Robbery,Motorpark,12.531709,7.584756,Not Arrested
DUT10201,2024-05-08,18:47:00,Robbery,Outskirts,12.502111,7.548012,Under Investigation
DUT10202,2022-07-22,15:39:00,Assault,Town Centre,12.534105,7.56094,Under Investigation
DUT10203,2024-01-29,06:28:00,Assault,Residential Area,12.524999,7.572457,Not Arrested
DUT10204,2022-07-23,21:23:00,Burglary,Residential Area,12.512648,7.557152,Under Investigation
DUT10205,2022-05-05,12:17:00,Theft,Near School,12.536406,7.570289,Arrested
DUT10206,2022-07-07,21:13:00,Burglary,Town Centre,12.548232,7.537507,Not Arrested
DUT10207,2022-04-14,10:15:00,Fraud,Market,12.503318,7.585554,Not Arrested
DUT10208,2022-05-21,17:13:00,Burglary,Market,12.540646,7.54503,Not Arrested
DUT10209,2023-11-04,04:50:00,Fraud,Market,12.565023,7.562313,Arrested
DUT10210,2022-09-24,17:16:00,Robbery,Town Centre,12.557586,7.56135,Arrested
DUT10211,2022-09-27,00:22:00,Robbery,Residential Area,12.575215,7.595107,Not Arrested
DUT10212,2022-02-02,05:16:00,Theft,Motorpark,12.529021,7.579431,Not Arrested
DUT10213,2022-08-21,23:04:00,Assault,Motorpark,12.546908,7.587373,Not Arrested
DUT10214,2022-08-12,14:32:00,Theft,Outskirts,12.514702,7.573721,Not Arrested
DUT10215,2024-12-03,09:29:00,Burglary,Near School,12.555168,7.524825,Arrested
DUT10216,2024-04-02,13:43:00,Theft,Near School,12.510335,7.519215,Not Arrested
DUT10217,2022-05-31,02:20:00,Burglary,Residential Area,12.528612,7.574351,Arrested
DUT10218,2023-10-28,12:38:00,Burglary,Motorpark,12.564047,7.561482,Not Arrested
DUT10219,2024-05-31,03:50:00,Robbery,Outskirts,12.566572,7.532398,Under Investigation
DUT10220,2023-03-17,13:28:00,Vandalism,Near School,12.499932,7.558889,Not Arrested
DUT10221,2024-03-27,13:46:00,Theft,Outskirts,12.541681,7.559346,Not Arrested
DUT10222,2023-06-07,11:09:00,Robbery,Town Centre,12.492651,7.558218,Not Arrested
DUT10223,2022-06-24,02:27:00,Theft,Market,12.507911,7.573393,Not Arrested
DUT10224,2022-05-03,18:35:00,Burglary,Near School,12.541332,7.541202,Not Arrested
DUT10225,2023-12-26,21:48:00,Assault,Town Centre,12.523723,7.538816,Under Investigation
DUT10226,2023-08-13,19:19:00,Assault,Market,12.532746,7.579103,Not Arrested
DUT10227,2022-11-13,21:30:00,Theft,Motorpark,12.514285,7.570081,Arrested
DUT10228,2024-01-23,03:48:00,Theft,Near School,12.523395,7.544143,Not Arrested
DUT10229,2022-02-23,19:59:00,Robbery,Town Centre,12.531859,7.539295,Not Arrested
DUT10230,2023-01-05,08:44:00,Robbery,Residential Area,12.522927,7.536042,Under Investigation
DUT10231,2022-01-13,05:55:00,Theft,Town Centre,12.573295,7.560705,Not Arrested
DUT10232,2022-10-18,23:40:00,Fraud,Motorpark,12.520005,7.56428,Arrested
DUT10233,2023-03-17,12:26:00,Assault,Residential Area,12.531753,7.555581,Arrested
DUT10234,2023-10-27,18:38:00,Theft,Market,12.546283,7.57515,Arrested
DUT10235,2022-04-12,21:05:00,Theft,Near School,12.52339,7.548484,Not Arrested
DUT10236,2024-06-24,13:17:00,Theft,Residential Area,12.528499,7.513962,Not Arrested
DUT10237,2024-05-30,03:18:00,Robbery,Motorpark,12.503696,7.587337,Not Arrested
DUT10238,2023-09-24,01:14:00,Assault,Town Centre,12.566899,7.555019,Not Arrested
DUT10239,2023-02-23,09:13:00,Robbery,Residential Area,12.545531,7.566225,Not Arrested
DUT10240,2023-11-03,03:00:00,Assault,Market,12.595578,7.582391,Not Arrested
DUT10241,2024-02-18,17:45:00,Theft,Outskirts,12.531442,7.540889,Not Arrested
DUT10242,2023-12-27,02:25:00,Vandalism,Town Centre,12.501871,7.564069,Arrested
DUT10243,2024-07-30,02:55:00,Assault,Near School,12.518873,7.531555,Not Arrested
DUT10244,2024-05-05,09:07:00,Assault,Market,12.521069,7.538369,Under Investigation
DUT10245,2024-07-31,22:58:00,Assault,Town Centre,12.567743,7.577633,Not Arrested
DUT10246,2023-05-14,13:37:00,Assault,Residential Area,12.533841,7.589599,Arrested
DUT10247,2023-11-27,07:21:00,Robbery,Outskirts,12.535547,7.542774,Arrested
DUT10248,2022-08-22,16:32:00,Theft,Residential Area,12.564462,7.570778,Not Arrested
DUT10249,2022-10-30,07:06:00,Theft,Motorpark,12.513255,7.556193,Arrested
DUT10250,2022-11-10,20:04:00,Theft,Near School,12.516488,7.532344,Not Arrested
DUT10251,2024-08-08,18:48:00,Burglary,Motorpark,12.552524,7.598188,Not Arrested
DUT10252,2023-10-24,20:20:00,Theft,Near School,12.506029,7.571259,Arrested
DUT10253,2023-09-13,08:37:00,Theft,Residential Area,12.520987,7.550257,Not Arrested
DUT10254,2024-08-03,14:02:00,Theft,Town Centre,12.522152,7.54272,Not Arrested
DUT10255,2022-07-04,19:38:00,Burglary,Motorpark,12.53497,7.543381,Not Arrested
DUT10256,2022-03-26,14:58:00,Vandalism,Residential Area,12.539409,7.558995,Not Arrested
DUT10257,2024-09-01,16:09:00,Fraud,Residential Area,12.529221,7.541849,Not Arrested
DUT10258,2022-06-22,16:41:00,Theft,Near School,12.522465,7.575108,Not Arrested
DUT10259,2024-06-18,16:33:00,Burglary,Residential Area,12.544018,7.540449,Not Arrested
DUT10260,2024-03-04,13:49:00,Assault,Outskirts,12.535987,7.575028,Not Arrested
DUT10261,2023-11-17,02:21:00,Theft,Residential Area,12.500612,7.570867,Not Arrested
DUT10262,2023-06-01,23:54:00,Robbery,Market,12.520748,7.571412,Under Investigation
DUT10263,2023-11-14,02:37:00,Robbery,Residential Area,12.518735,7.523902,Under Investigation
DUT10264,2024-03-13,04:38:00,Robbery,Motorpark,12.501449,7.560962,Arrested
DUT10265,2024-02-11,20:50:00,Assault,Outskirts,12.539194,7.541914,Arrested
DUT10266,2024-12-14,02:41:00,Robbery,Town Centre,12.546772,7.52677,Not Arrested
DUT10267,2024-01-13,09:11:00,Fraud,Near School,12.532678,7.53578,Not Arrested
DUT10268,2023-01-29,07:08:00,Theft,Town Centre,12.520963,7.560948,Not Arrested
DUT10269,2024-11-05,17:53:00,Robbery,Outskirts,12.516792,7.552309,Not Arrested
DUT10270,2023-11-21,19:08:00,Burglary,Market,12.554126,7.548462,Arrested
DUT10271,2022-12-06,23:28:00,Theft,Outskirts,12.550714,7.537406,Not Arrested
DUT10272,2023-05-02,14:39:00,Theft,Near School,12.544596,7.588831,Not Arrested
DUT10273,2023-04-25,17:15:00,Assault,Near School,12.484567,7.544062,Not Arrested
DUT10274,2023-02-02,11:43:00,Fraud,Near School,12.545541,7.555939,Under Investigation
DUT10275,2023-08-01,12:32:00,Burglary,Market,12.541423,7.54792,Under Investigation
DUT10276,2022-10-11,08:03:00,Burglary,Motorpark,12.535732,7.556886,Under Investigation
DUT10277,2022-07-30,22:54:00,Burglary,Town Centre,12.557356,7.565088,Arrested
DUT10278,2022-11-25,08:28:00,Fraud,Near School,12.540752,7.551762,Arrested
DUT10279,2022-07-07,07:52:00,Assault,Town Centre,12.524248,7.551349,Not Arrested
DUT10280,2024-04-29,01:25:00,Burglary,Town Centre,12.541889,7.55158,Not Arrested
DUT10281,2024-02-07,07:01:00,Assault,Outskirts,12.539795,7.601508,Arrested
DUT10282,2023-11-18,04:08:00,Theft,Near School,12.551422,7.55348,Under Investigation
DUT10283,2022-10-12,22:30:00,Assault,Town Centre,12.558024,7.551838,Arrested
DUT10284,2022-02-08,08:13:00,Vandalism,Outskirts,12.493238,7.539838,Not Arrested
DUT10285,2024-12-16,13:07:00,Robbery,Town Centre,12.496584,7.55297,Not Arrested
DUT10286,2022-04-08,07:26:00,Burglary,Town Centre,12.534368,7.593529,Not Arrested
DUT10287,2022-08-16,15:38:00,Burglary,Motorpark,12.540539,7.555618,Not Arrested
DUT10288,2023-05-11,22:09:00,Theft,Residential Area,12.550588,7.515777,Arrested
DUT10289,2023-05-08,18:26:00,Theft,Motorpark,12.538712,7.575417,Not Arrested
DUT10290,2024-01-09,02:33:00,Burglary,Motorpark,12.504428,7.582875,Not Arrested
DUT10291,2022-02-11,12:55:00,Assault,Residential Area,12.54077,7.551694,Not Arrested
DUT10292,2023-06-04,23:01:00,Assault,Market,12.546656,7.605414,Arrested
DUT10293,2022-08-01,18:47:00,Robbery,Residential Area,12.537637,7.564964,Arrested
DUT10294,2023-11-25,20:11:00,Vandalism,Outskirts,12.524813,7.543003,Not Arrested
DUT10295,2024-09-07,20:11:00,Vandalism,Near School,12.550607,7.542878,Arrested
DUT10296,2022-03-17,09:12:00,Theft,Town Centre,12.535431,7.550447,Arrested
DUT10297,2023-10-09,09:32:00,Assault,Near School,12.54358,7.566673,Not Arrested
DUT10298,2023-06-03,01:48:00,Burglary,Town Centre,12.554751,7.5498,Not Arrested
DUT10299,2023-11-11,08:07:00,Robbery,Near School,12.528603,7.540425,Not Arrested
DUT10300,2024-06-19,12:21:00,Fraud,Near School,12.525114,7.567546,Not Arrested
DUT10301,2024-01-23,16:17:00,Vandalism,Town Centre,12.54914,7.541557,Not Arrested
DUT10302,2024-05-31,19:52:00,Theft,Town Centre,12.551392,7.587113,Not Arrested
DUT10303,2022-06-13,10:42:00,Theft,Outskirts,12.542269,7.597536,Not Arrested
DUT10304,2024-05-22,05:44:00,Assault,Outskirts,12.518524,7.535107,Not Arrested
DUT10305,2023-12-24,19:27:00,Theft,Town Centre,12.498426,7.589921,Under Investigation
DUT10306,2022-06-03,21:40:00,Assault,Outskirts,12.547087,7.558888,Not Arrested
DUT10307,2022-11-24,00:09:00,Vandalism,Near School,12.539599,7.53749,Not Arrested
DUT10308,2022-03-13,04:04:00,Theft,Residential Area,12.582915,7.562584,Not Arrested
DUT10309,2024-02-24,18:02:00,Burglary,Residential Area,12.536188,7.574515,Not Arrested
DUT10310,2024-02-01,14:48:00,Theft,Residential Area,12.54362,7.564478,Arrested
DUT10311,2024-03-26,10:41:00,Theft,Town Centre,12.518191,7.569429,Under Investigation
DUT10312,2023-01-17,15:33:00,Assault,Residential Area,12.57164,7.586908,Not Arrested
DUT10313,2023-06-18,22:28:00,Theft,Outskirts,12.565864,7.549776,Not Arrested
DUT10314,2024-10-02,06:07:00,Theft,Market,12.514208,7.557484,Arrested
DUT10315,2024-06-30,02:51:00,Robbery,Residential Area,12.535114,7.581884,Not Arrested
DUT10316,2023-12-13,22:04:00,Burglary,Residential Area,12.500151,7.590591,Not Arrested
DUT10317,2022-11-19,22:45:00,Fraud,Residential Area,12.53084,7.551462,Not Arrested
DUT10318,2024-11-07,07:07:00,Fraud,Market,12.513758,7.526903,Not Arrested
DUT10319,2024-10-08,00:23:00,Burglary,Motorpark,12.550463,7.561466,Not Arrested
DUT10320,2022-09-23,19:56:00,Theft,Outskirts,12.508201,7.534098,Not Arrested
DUT10321,2024-09-07,16:26:00,Robbery,Town Centre,12.527284,7.59338,Not Arrested
DUT10322,2022-09-14,10:41:00,Theft,Motorpark,12.528808,7.529937,Not Arrested
DUT10323,2023-12-07,04:56:00,Vandalism,Motorpark,12.529085,7.554546,Not Arrested
DUT10324,2023-01-08,04:27:00,Burglary,Town Centre,12.480062,7.558914,Under Investigation
DUT10325,2024-11-27,04:19:00,Theft,Outskirts,12.529381,7.573924,Not Arrested
DUT10326,2023-04-07,11:33:00,Vandalism,Residential Area,12.570979,7.582531,Not Arrested
DUT10327,2023-02-07,20:35:00,Theft,Motorpark,12.528622,7.537869,Not Arrested
DUT10328,2024-12-28,02:32:00,Burglary,Motorpark,12.585467,7.561184,Not Arrested
DUT10329,2022-11-12,05:42:00,Burglary,Residential Area,12.534279,7.559517,Under Investigation
DUT10330,2022-03-26,00:05:00,Theft,Motorpark,12.537962,7.557113,Not Arrested
DUT10331,2023-06-27,20:13:00,Robbery,Outskirts,12.522527,7.549063,Not Arrested
DUT10332,2022-03-04,15:56:00,Burglary,Residential Area,12.533345,7.549132,Not Arrested
DUT10333,2024-09-16,07:51:00,Vandalism,Near School,12.519743,7.562129,Not Arrested
DUT10334,2022-05-30,22:03:00,Theft,Near School,12.5289,7.59008,Not Arrested
DUT10335,2023-02-22,10:38:00,Theft,Residential Area,12.480981,7.58183,Under Investigation
DUT10336,2023-12-09,12:08:00,Robbery,Town Centre,12.558922,7.518532,Not Arrested
DUT10337,2023-10-16,07:29:00,Theft,Market,12.527146,7.552571,Not Arrested
DUT10338,2022-07-18,01:18:00,Fraud,Near School,12.50585,7.544444,Under Investigation
DUT10339,2023-05-24,05:52:00,Assault,Residential Area,12.511788,7.595045,Not Arrested
DUT10340,2023-01-24,05:31:00,Fraud,Residential Area,12.552714,7.585431,Not Arrested
DUT10341,2024-10-15,00:05:00,Fraud,Market,12.548433,7.537419,Not Arrested
DUT10342,2023-03-17,18:22:00,Theft,Motorpark,12.52351,7.569787,Not Arrested
DUT10343,2024-08-21,09:34:00,Theft,Market,12.509557,7.57426,Arrested
DUT10344,2023-06-26,23:23:00,Robbery,Near School,12.529193,7.552504,Not Arrested
DUT10345,2022-04-15,18:35:00,Theft,Town Centre,12.548219,7.568885,Not Arrested
DUT10346,2024-03-02,16:28:00,Robbery,Motorpark,12.526781,7.583187,Not Arrested
DUT10347,2022-09-01,04:06:00,Assault,Residential Area,12.512379,7.572319,Not Arrested
DUT10348,2024-01-19,04:12:00,Burglary,Town Centre,12.545862,7.553809,Not Arrested
DUT10349,2022-04-03,01:08:00,Robbery,Motorpark,12.540523,7.534978,Not Arrested
DUT10350,2024-07-24,04:38:00,Vandalism,Motorpark,12.552481,7.556302,Arrested
DUT10351,2023-10-15,05:25:00,Fraud,Residential Area,12.523546,7.58098,Not Arrested
DUT10352,2023-11-20,16:53:00,Burglary,Motorpark,12.519913,7.531831,Not Arrested
DUT10353,2023-09-06,15:52:00,Theft,Town Centre,12.502867,7.57212,Not Arrested
DUT10354,2024-05-03,18:19:00,Robbery,Outskirts,12.508391,7.595096,Not Arrested
DUT10355,2022-02-24,19:30:00,Theft,Motorpark,12.492361,7.593929,Not Arrested
DUT10356,2023-04-12,23:03:00,Burglary,Outskirts,12.53822,7.558066,Arrested
DUT10357,2024-02-18,04:52:00,Robbery,Outskirts,12.523102,7.567983,Arrested
DUT10358,2022-08-14,06:01:00,Assault,Near School,12.533247,7.582066,Not Arrested
DUT10359,2023-02-22,13:32:00,Robbery,Outskirts,12.536285,7.563006,Under Investigation
DUT10360,2022-05-08,22:08:00,Burglary,Outskirts,12.526728,7.558861,Not Arrested
DUT10361,2024-09-06,16:24:00,Assault,Motorpark,12.540156,7.525797,Arrested
DUT10362,2023-12-03,17:22:00,Robbery,Outskirts,12.507036,7.574865,Under Investigation
DUT10363,2023-06-26,19:30:00,Theft,Motorpark,12.537417,7.55632,Not Arrested
DUT10364,2023-09-04,07:19:00,Robbery,Outskirts,12.534369,7.566952,Not Arrested
DUT10365,2024-09-28,10:30:00,Assault,Outskirts,12.523205,7.544434,Under Investigation
DUT10366,2023-07-15,09:07:00,Burglary,Near School,12.537917,7.540433,Not Arrested
DUT10367,2023-12-08,04:18:00,Theft,Town Centre,12.542165,7.525948,Under Investigation
DUT10368,2023-12-11,14:41:00,Theft,Market,12.554583,7.569452,Not Arrested
DUT10369,2023-07-10,17:44:00,Theft,Outskirts,12.539121,7.579654,Arrested
DUT10370,2023-05-06,07:03:00,Robbery,Outskirts,12.567309,7.580287,Not Arrested
DUT10371,2023-04-22,01:06:00,Assault,Town Centre,12.497183,7.534408,Not Arrested
DUT10372,2022-10-09,00:35:00,Fraud,Outskirts,12.521504,7.560522,Arrested
DUT10373,2024-09-01,15:41:00,Theft,Residential Area,12.544353,7.545485,Under Investigation
DUT10374,2023-08-08,20:03:00,Fraud,Motorpark,12.537735,7.544892,Arrested
DUT10375,2023-04-21,17:47:00,Robbery,Market,12.52177,7.531867,Under Investigation
DUT10376,2024-05-05,05:59:00,Fraud,Near School,12.515535,7.532966,Under Investigation
DUT10377,2024-10-11,05:59:00,Robbery,Residential Area,12.514483,7.581073,Under Investigation
DUT10378,2022-03-18,00:19:00,Burglary,Residential Area,12.515012,7.612648,Arrested
DUT10379,2023-08-06,14:41:00,Burglary,Market,12.543866,7.563697,Not Arrested
DUT10380,2024-10-29,14:17:00,Theft,Market,12.516833,7.574006,Arrested
DUT10381,2024-07-28,20:16:00,Robbery,Residential Area,12.522487,7.56244,Arrested
DUT10382,2023-08-28,18:43:00,Robbery,Outskirts,12.585202,7.558079,Arrested
DUT10383,2024-04-10,13:32:00,Assault,Town Centre,12.556985,7.545936,Not Arrested
DUT10384,2023-01-14,04:30:00,Assault,Residential Area,12.5333,7.595416,Not Arrested
DUT10385,2024-02-25,07:28:00,Robbery,Residential Area,12.521461,7.596249,Under Investigation
DUT10386,2022-01-24,08:41:00,Assault,Outskirts,12.548155,7.548751,Not Arrested
DUT10387,2022-08-31,14:19:00,Theft,Outskirts,12.546648,7.579451,Not Arrested
DUT10388,2023-09-29,22:07:00,Burglary,Residential Area,12.546436,7.528596,Under Investigation
DUT10389,2023-03-29,07:08:00,Assault,Motorpark,12.519457,7.55505,Not Arrested
DUT10390,2024-02-05,13:44:00,Burglary,Motorpark,12.532511,7.572413,Not Arrested
DUT10391,2023-03-24,07:43:00,Robbery,Town Centre,12.537554,7.533293,Under Investigation
DUT10392,2024-12-12,14:33:00,Robbery,Motorpark,12.541604,7.572212,Arrested
DUT10393,2022-08-18,01:53:00,Burglary,Motorpark,12.545196,7.581616,Not Arrested
DUT10394,2022-11-03,05:20:00,Vandalism,Outskirts,12.550678,7.569184,Not Arrested
DUT10395,2023-02-25,22:37:00,Assault,Near School,12.532597,7.526781,Under Investigation
DUT10396,2022-04-24,14:08:00,Burglary,Town Centre,12.542592,7.564154,Not Arrested
DUT10397,2024-08-04,21:51:00,Assault,Residential Area,12.539432,7.534465,Arrested
DUT10398,2022-01-07,23:13:00,Burglary,Residential Area,12.512379,7.581063,Arrested
DUT10399,2022-05-11,17:03:00,Fraud,Near School,12.533209,7.57363,Arrested
DUT10400,2022-03-06,09:26:00,Theft,Outskirts,12.534566,7.560595,Arrested
DUT10401,2024-05-10,11:57:00,Assault,Near School,12.552766,7.549679,Under Investigation
DUT10402,2024-02-09,02:43:00,Fraud,Market,12.535922,7.550754,Under Investigation
DUT10403,2023-12-14,03:11:00,Fraud,Market,12.52531,7.553817,Not Arrested
DUT10404,2023-04-02,00:48:00,Theft,Outskirts,12.538443,7.550425,Not Arrested
DUT10405,2024-05-18,17:24:00,Vandalism,Residential Area,12.559115,7.542108,Not Arrested
DUT10406,2022-11-14,08:12:00,Fraud,Town Centre,12.530263,7.551205,Not Arrested
DUT10407,2022-03-07,21:26:00,Burglary,Town Centre,12.56294,7.563931,Under Investigation
DUT10408,2023-05-08,06:04:00,Theft,Motorpark,12.554637,7.530289,Arrested
DUT10409,2022-04-10,07:47:00,Theft,Motorpark,12.539341,7.577793,Not Arrested
DUT10410,2023-03-21,01:08:00,Burglary,Outskirts,12.535646,7.58131,Not Arrested
DUT10411,2023-10-16,18:38:00,Robbery,Market,12.523654,7.588187,Not Arrested
DUT10412,2023-09-11,04:42:00,Burglary,Residential Area,12.579978,7.552743,Not Arrested
DUT10413,2022-05-05,17:37:00,Vandalism,Outskirts,12.52509,7.589068,Under Investigation
DUT10414,2024-05-24,17:31:00,Theft,Outskirts,12.565591,7.549543,Not Arrested
DUT10415,2024-02-20,16:20:00,Robbery,Residential Area,12.525596,7.554364,Not Arrested
DUT10416,2024-02-10,05:48:00,Burglary,Market,12.507111,7.541627,Not Arrested
DUT10417,2023-09-08,22:09:00,Vandalism,Motorpark,12.513917,7.544644,Under Investigation
DUT10418,2024-04-25,13:35:00,Burglary,Residential Area,12.533306,7.564684,Not Arrested
DUT10419,2023-02-21,10:41:00,Theft,Residential Area,12.56501,7.540033,Not Arrested
DUT10420,2022-07-09,17:46:00,Vandalism,Near School,12.553686,7.55572,Arrested
DUT10421,2022-03-22,02:12:00,Vandalism,Outskirts,12.533011,7.573496,Not Arrested
DUT10422,2023-03-21,15:13:00,Vandalism,Town Centre,12.511546,7.567648,Not Arrested
DUT10423,2023-03-10,06:47:00,Theft,Near School,12.537329,7.569849,Under Investigation
DUT10424,2023-05-12,22:38:00,Robbery,Market,12.539783,7.609106,Not Arrested
DUT10425,2023-10-21,09:24:00,Assault,Residential Area,12.521245,7.54938,Not Arrested
DUT10426,2023-06-20,11:32:00,Vandalism,Outskirts,12.521537,7.54889,Not Arrested
DUT10427,2024-08-19,10:58:00,Theft,Town Centre,12.521252,7.58378,Not Arrested
DUT10428,2023-03-30,23:09:00,Theft,Motorpark,12.56241,7.548585,Not Arrested
DUT10429,2024-05-05,09:09:00,Theft,Motorpark,12.517353,7.569428,Not Arrested
DUT10430,2023-05-19,15:35:00,Robbery,Residential Area,12.522956,7.572659,Not Arrested
DUT10431,2024-09-27,23:41:00,Robbery,Outskirts,12.538058,7.529685,Not Arrested
DUT10432,2023-12-23,05:08:00,Robbery,Motorpark,12.56495,7.595918,Not Arrested
DUT10433,2022-05-01,16:02:00,Vandalism,Outskirts,12.521744,7.552246,Arrested
DUT10434,2022-04-10,00:26:00,Theft,Town Centre,12.539717,7.566689,Not Arrested
DUT10435,2022-11-06,00:13:00,Burglary,Motorpark,12.547171,7.600204,Not Arrested
DUT10436,2024-09-16,21:31:00,Theft,Near School,12.530461,7.544034,Not Arrested
DUT10437,2022-01-25,00:33:00,Robbery,Residential Area,12.506414,7.545381,Not Arrested
DUT10438,2022-02-05,16:52:00,Robbery,Market,12.533337,7.595891,Not Arrested
DUT10439,2022-08-08,03:33:00,Theft,Motorpark,12.523648,7.564476,Arrested
DUT10440,2023-06-01,11:17:00,Robbery,Near School,12.533672,7.583768,Arrested
DUT10441,2024-07-29,18:15:00,Fraud,Outskirts,12.584539,7.549383,Not Arrested
DUT10442,2022-06-15,20:54:00,Burglary,Near School,12.524211,7.580883,Arrested
DUT10443,2024-02-16,12:35:00,Assault,Outskirts,12.547638,7.596934,Not Arrested
DUT10444,2022-12-17,02:31:00,Vandalism,Residential Area,12.545679,7.552814,Not Arrested
DUT10445,2022-07-15,16:58:00,Theft,Outskirts,12.545813,7.582174,Not Arrested
DUT10446,2024-08-31,08:02:00,Fraud,Residential Area,12.55041,7.570145,Not Arrested
DUT10447,2022-03-09,05:59:00,Vandalism,Market,12.555333,7.583386,Arrested
DUT10448,2022-10-23,22:52:00,Assault,Market,12.561643,7.572974,Arrested
DUT10449,2023-05-08,18:53:00,Vandalism,Motorpark,12.530658,7.562934,Not Arrested
DUT10450,2023-11-11,12:48:00,Robbery,Outskirts,12.55813,7.543661,Not Arrested
DUT10451,2022-06-10,16:47:00,Fraud,Near School,12.541373,7.552133,Arrested
DUT10452,2023-04-21,02:21:00,Burglary,Motorpark,12.534575,7.585569,Not Arrested
DUT10453,2024-03-23,10:01:00,Burglary,Near School,12.537822,7.560929,Not Arrested
DUT10454,2024-10-01,07:22:00,Burglary,Market,12.506803,7.574925,Not Arrested
DUT10455,2024-02-18,02:49:00,Burglary,Outskirts,12.54691,7.603265,Not Arrested
DUT10456,2022-05-31,02:17:00,Theft,Outskirts,12.527844,7.564383,Not Arrested
DUT10457,2022-11-12,23:24:00,Assault,Town Centre,12.538988,7.591549,Arrested
DUT10458,2023-09-24,14:23:00,Robbery,Town Centre,12.532094,7.56558,Arrested
DUT10459,2023-01-19,13:28:00,Burglary,Town Centre,12.546158,7.563732,Not Arrested
DUT10460,2022-02-23,02:22:00,Burglary,Residential Area,12.525071,7.563882,Not Arrested
DUT10461,2024-02-28,00:18:00,Assault,Outskirts,12.555473,7.53947,Not Arrested
DUT10462,2023-05-13,18:33:00,Theft,Market,12.536659,7.545998,Not Arrested
DUT10463,2023-07-05,09:17:00,Assault,Near School,12.557901,7.529536,Arrested
DUT10464,2023-07-20,13:19:00,Assault,Residential Area,12.522822,7.567544,Arrested
DUT10465,2023-05-21,23:40:00,Assault,Near School,12.56531,7.558685,Not Arrested
DUT10466,2022-08-08,04:19:00,Theft,Motorpark,12.522896,7.597623,Not Arrested
DUT10467,2024-02-18,10:28:00,Assault,Outskirts,12.50504,7.516024,Not Arrested
DUT10468,2022-10-06,09:20:00,Burglary,Near School,12.5428,7.549959,Not Arrested
DUT10469,2023-10-06,05:25:00,Fraud,Outskirts,12.513575,7.574167,Not Arrested
DUT10470,2024-10-02,18:50:00,Theft,Near School,12.538876,7.548718,Not Arrested
DUT10471,2024-01-18,03:59:00,Burglary,Motorpark,12.508394,7.577449,Not Arrested
DUT10472,2023-01-04,21:49:00,Burglary,Near School,12.547004,7.558016,Under Investigation
DUT10473,2023-03-06,14:51:00,Theft,Near School,12.570933,7.538598,Not Arrested
DUT10474,2024-10-19,04:40:00,Assault,Market,12.503489,7.546162,Not Arrested
DUT10475,2024-05-16,12:04:00,Assault,Motorpark,12.533088,7.564867,Not Arrested
DUT10476,2024-03-31,17:32:00,Fraud,Near School,12.529175,7.567041,Under Investigation
DUT10477,2022-03-17,11:44:00,Vandalism,Outskirts,12.508969,7.588875,Not Arrested
DUT10478,2022-06-24,03:49:00,Theft,Market,12.532357,7.582346,Not Arrested
DUT10479,2022-04-01,18:41:00,Robbery,Residential Area,12.540855,7.569135,Not Arrested
DUT10480,2024-05-31,03:00:00,Theft,Outskirts,12.545395,7.568954,Not Arrested
DUT10481,2024-11-28,17:37:00,Robbery,Residential Area,12.546854,7.586583,Not Arrested
DUT10482,2024-03-12,14:49:00,Robbery,Market,12.53793,7.57418,Not Arrested
DUT10483,2023-12-08,00:30:00,Theft,Town Centre,12.532205,7.588802,Not Arrested
DUT10484,2022-08-26,23:09:00,Assault,Market,12.520472,7.596019,Not Arrested
DUT10485,2024-12-03,15:22:00,Assault,Outskirts,12.533197,7.531384,Not Arrested
DUT10486,2024-07-15,10:04:00,Assault,Town Centre,12.536562,7.546379,Not Arrested
DUT10487,2022-02-16,10:41:00,Theft,Outskirts,12.550813,7.546948,Not Arrested
DUT10488,2023-05-15,16:11:00,Burglary,Near School,12.525076,7.522209,Not Arrested
DUT10489,2024-08-04,07:51:00,Assault,Outskirts,12.524954,7.511522,Arrested
DUT10490,2024-06-04,12:01:00,Robbery,Near School,12.502322,7.575208,Under Investigation
DUT10491,2024-05-29,12:00:00,Robbery,Outskirts,12.549716,7.568509,Not Arrested
DUT10492,2022-05-09,18:06:00,Robbery,Residential Area,12.51466,7.559046,Not Arrested
DUT10493,2023-10-30,06:29:00,Theft,Near School,12.533928,7.536833,Not Arrested
DUT10494,2024-12-16,20:20:00,Burglary,Motorpark,12.564068,7.577547,Not Arrested
DUT10495,2022-08-22,11:22:00,Vandalism,Outskirts,12.529581,7.560538,Not Arrested
DUT10496,2023-09-02,19:37:00,Theft,Town Centre,12.538168,7.519165,Arrested
DUT10497,2023-05-04,09:07:00,Theft,Motorpark,12.529056,7.54636,Not Arrested
DUT10498,2024-03-06,13:38:00,Theft,Market,12.513968,7.554378,Not Arrested
DUT10499,2024-09-23,20:34:00,Robbery,Market,12.569954,7.572817,Not Arrested
DUT10500,2022-12-08,15:18:00,Theft,Near School,12.522576,7.571452,Not Arrested
DUT10501,2022-04-20,11:00:00,Assault,Near School,12.561987,7.578493,Arrested
DUT10502,2024-11-01,20:31:00,Assault,Outskirts,12.535193,7.547061,Not Arrested
DUT10503,2024-06-28,15:10:00,Theft,Market,12.547964,7.56787,Arrested
DUT10504,2023-08-22,01:17:00,Theft,Near School,12.551904,7.572703,Not Arrested
DUT10505,2024-10-11,17:32:00,Theft,Motorpark,12.554991,7.549295,Arrested
DUT10506,2024-01-22,17:52:00,Robbery,Near School,12.560348,7.563952,Not Arrested
DUT10507,2023-03-24,13:06:00,Robbery,Market,12.575505,7.546216,Not Arrested
DUT10508,2023-09-02,01:28:00,Theft,Town Centre,12.568719,7.563958,Under Investigation
DUT10509,2024-06-18,03:49:00,Vandalism,Outskirts,12.520972,7.550322,Not Arrested
DUT10510,2023-12-20,22:39:00,Burglary,Market,12.527593,7.568483,Arrested
DUT10511,2023-02-28,06:51:00,Theft,Residential Area,12.544457,7.548526,Not Arrested
DUT10512,2022-12-11,10:45:00,Theft,Motorpark,12.533513,7.602845,Not Arrested
DUT10513,2022-07-15,04:48:00,Robbery,Residential Area,12.568551,7.568726,Under Investigation
DUT10514,2022-09-17,22:55:00,Theft,Residential Area,12.53476,7.562401,Arrested
DUT10515,2023-05-22,21:25:00,Assault,Residential Area,12.54627,7.539544,Not Arrested
DUT10516,2024-04-28,12:28:00,Theft,Town Centre,12.528852,7.526628,Not Arrested
DUT10517,2024-04-05,16:47:00,Theft,Residential Area,12.541984,7.572944,Under Investigation
DUT10518,2024-07-20,15:20:00,Burglary,Outskirts,12.524336,7.59148,Under Investigation
DUT10519,2022-07-10,23:29:00,Burglary,Town Centre,12.509485,7.530713,Not Arrested
DUT10520,2024-12-30,12:13:00,Fraud,Near School,12.538489,7.580942,Not Arrested
DUT10521,2023-07-04,10:53:00,Theft,Market,12.567679,7.550822,Not Arrested
DUT10522,2024-09-20,10:57:00,Robbery,Town Centre,12.555574,7.55923,Arrested
DUT10523,2024-07-30,00:07:00,Fraud,Near School,12.530547,7.577673,Arrested
DUT10524,2022-01-02,13:12:00,Fraud,Outskirts,12.547046,7.528472,Under Investigation
DUT10525,2023-09-11,05:55:00,Fraud,Outskirts,12.563531,7.587602,Not Arrested
DUT10526,2024-01-09,08:05:00,Assault,Market,12.521489,7.567916,Under Investigation
DUT10527,2022-04-17,12:40:00,Assault,Market,12.543881,7.565213,Not Arrested
DUT10528,2024-05-29,20:05:00,Robbery,Near School,12.522994,7.546568,Arrested
DUT10529,2022-06-09,04:37:00,Theft,Town Centre,12.533489,7.583455,Not Arrested
DUT10530,2022-01-17,22:21:00,Vandalism,Near School,12.544872,7.552588,Under Investigation
DUT10531,2022-09-28,15:04:00,Theft,Town Centre,12.549434,7.503029,Arrested
DUT10532,2022-07-31,10:23:00,Vandalism,Market,12.556975,7.525206,Arrested
DUT10533,2022-10-20,02:33:00,Burglary,Market,12.526751,7.537607,Not Arrested
DUT10534,2024-06-20,11:46:00,Theft,Near School,12.508106,7.583217,Not Arrested
DUT10535,2024-06-25,06:05:00,Vandalism,Town Centre,12.524646,7.56693,Arrested
DUT10536,2024-02-26,11:27:00,Assault,Residential Area,12.533062,7.569541,Arrested
DUT10537,2022-06-22,07:35:00,Burglary,Residential Area,12.535536,7.53434,Not Arrested
DUT10538,2022-02-24,21:56:00,Assault,Motorpark,12.553925,7.550125,Not Arrested
DUT10539,2023-01-22,23:25:00,Theft,Market,12.502868,7.551438,Arrested
DUT10540,2024-10-10,12:07:00,Theft,Town Centre,12.564015,7.577004,Not Arrested
DUT10541,2024-12-17,00:23:00,Fraud,Motorpark,12.527027,7.553015,Arrested
DUT10542,2024-05-11,11:34:00,Robbery,Town Centre,12.527567,7.601535,Not Arrested
DUT10543,2022-02-04,18:04:00,Theft,Town Centre,12.541639,7.568601,Not Arrested
DUT10544,2024-03-26,16:18:00,Burglary,Near School,12.554606,7.564776,Not Arrested
DUT10545,2024-05-17,22:25:00,Theft,Motorpark,12.528819,7.556073,Not Arrested
DUT10546,2022-11-09,08:05:00,Assault,Market,12.532568,7.559256,Not Arrested
DUT10547,2022-11-15,17:20:00,Assault,Outskirts,12.548553,7.561039,Not Arrested
DUT10548,2022-05-16,09:44:00,Assault,Market,12.548653,7.558386,Under Investigation
DUT10549,2022-04-29,07:05:00,Fraud,Motorpark,12.535573,7.520036,Arrested
DUT10550,2022-04-23,09:42:00,Robbery,Town Centre,12.552327,7.56693,Not Arrested
DUT10551,2022-01-26,22:08:00,Robbery,Residential Area,12.55396,7.502075,Arrested
DUT10552,2024-12-07,16:50:00,Vandalism,Residential Area,12.575767,7.557208,Not Arrested
DUT10553,2022-09-17,23:49:00,Vandalism,Town Centre,12.556164,7.539202,Not Arrested
DUT10554,2022-03-02,10:51:00,Assault,Residential Area,12.546255,7.538932,Not Arrested
DUT10555,2022-06-07,15:29:00,Burglary,Motorpark,12.521525,7.598281,Arrested
DUT10556,2022-12-08,11:10:00,Theft,Motorpark,12.530186,7.564349,Arrested
DUT10557,2022-08-25,07:47:00,Burglary,Town Centre,12.551401,7.569914,Arrested
DUT10558,2023-05-16,01:30:00,Assault,Market,12.537008,7.567299,Under Investigation
DUT10559,2022-03-14,17:51:00,Fraud,Near School,12.582068,7.558848,Not Arrested
DUT10560,2023-04-05,10:15:00,Assault,Residential Area,12.538022,7.581013,Not Arrested
DUT10561,2022-06-09,18:23:00,Theft,Town Centre,12.556111,7.583741,Not Arrested
DUT10562,2023-01-03,07:51:00,Burglary,Near School,12.546775,7.53714,Arrested
DUT10563,2022-05-22,14:55:00,Theft,Residential Area,12.566669,7.537073,Not Arrested
DUT10564,2022-06-26,17:29:00,Theft,Motorpark,12.540053,7.544914,Not Arrested
DUT10565,2023-09-15,23:39:00,Theft,Near School,12.532717,7.566575,Not Arrested
DUT10566,2023-02-05,23:57:00,Burglary,Market,12.540427,7.568438,Not Arrested
DUT10567,2022-01-14,13:01:00,Theft,Outskirts,12.566274,7.569071,Not Arrested
DUT10568,2022-01-20,10:00:00,Robbery,Outskirts,12.529117,7.579282,Not Arrested
DUT10569,2023-09-22,03:13:00,Burglary,Near School,12.557789,7.535448,Not Arrested
DUT10570,2022-05-03,04:45:00,Theft,Market,12.545948,7.574023,Arrested
DUT10571,2024-11-30,13:44:00,Vandalism,Outskirts,12.528049,7.587514,Not Arrested
DUT10572,2022-06-23,18:06:00,Burglary,Near School,12.530999,7.562512,Not Arrested
DUT10573,2022-06-03,18:36:00,Theft,Market,12.530539,7.560312,Not Arrested
DUT10574,2023-04-30,09:16:00,Vandalism,Near School,12.512074,7.531199,Under Investigation
DUT10575,2023-10-31,10:28:00,Theft,Market,12.56589,7.543061,Arrested
DUT10576,2022-10-06,18:06:00,Theft,Near School,12.514172,7.516932,Arrested
DUT10577,2023-10-06,13:07:00,Burglary,Market,12.521221,7.533538,Under Investigation
DUT10578,2024-07-14,09:29:00,Theft,Market,12.56684,7.580196,Arrested
DUT10579,2023-09-16,22:44:00,Burglary,Residential Area,12.520237,7.605049,Not Arrested
DUT10580,2022-10-31,02:45:00,Theft,Motorpark,12.553635,7.553503,Not Arrested
DUT10581,2022-04-11,21:19:00,Theft,Town Centre,12.484012,7.605819,Under Investigation
DUT10582,2024-04-08,14:35:00,Robbery,Near School,12.506209,7.527092,Not Arrested
DUT10583,2022-07-28,04:07:00,Theft,Market,12.554451,7.608795,Not Arrested
DUT10584,2022-09-25,06:52:00,Assault,Outskirts,12.561685,7.571278,Not Arrested
DUT10585,2022-06-22,18:37:00,Theft,Town Centre,12.545895,7.577068,Not Arrested
DUT10586,2022-05-13,06:57:00,Burglary,Town Centre,12.549179,7.565624,Not Arrested
DUT10587,2023-11-11,03:02:00,Fraud,Motorpark,12.536084,7.558748,Arrested
DUT10588,2024-06-06,23:25:00,Assault,Near School,12.518921,7.554386,Not Arrested
DUT10589,2022-12-20,11:13:00,Fraud,Near School,12.500141,7.558033,Not Arrested
DUT10590,2022-11-01,01:39:00,Burglary,Residential Area,12.514228,7.537928,Not Arrested
DUT10591,2024-10-18,13:56:00,Burglary,Residential Area,12.537598,7.58784,Arrested
DUT10592,2024-02-24,04:26:00,Theft,Motorpark,12.552366,7.52859,Under Investigation
DUT10593,2023-05-26,20:51:00,Burglary,Near School,12.514207,7.578815,Arrested
DUT10594,2024-01-06,15:34:00,Robbery,Motorpark,12.51435,7.555507,Not Arrested
DUT10595,2024-10-25,10:24:00,Theft,Motorpark,12.545001,7.540633,Arrested
DUT10596,2023-03-25,00:57:00,Vandalism,Near School,12.536108,7.533319,Not Arrested
DUT10597,2024-12-20,11:49:00,Burglary,Market,12.521973,7.566396,Not Arrested
DUT10598,2022-07-25,07:42:00,Theft,Outskirts,12.50214,7.568809,Not Arrested
DUT10599,2022-04-25,07:36:00,Vandalism,Residential Area,12.533607,7.57105,Not Arrested
DUT10600,2022-12-22,05:15:00,Burglary,Outskirts,12.538478,7.587283,Not Arrested
DUT10601,2024-01-05,18:01:00,Robbery,Motorpark,12.536504,7.551412,Not Arrested
DUT10602,2022-10-19,18:12:00,Vandalism,Near School,12.536446,7.570866,Not Arrested
DUT10603,2023-09-25,05:31:00,Theft,Motorpark,12.534977,7.560812,Arrested
DUT10604,2023-03-25,00:33:00,Assault,Motorpark,12.51996,7.546742,Not Arrested
DUT10605,2023-02-17,04:21:00,Robbery,Residential Area,12.505948,7.594992,Under Investigation
DUT10606,2022-05-02,00:09:00,Burglary,Town Centre,12.509123,7.546142,Under Investigation
DUT10607,2024-12-13,11:04:00,Assault,Near School,12.519632,7.577898,Under Investigation
DUT10608,2022-07-26,10:19:00,Assault,Outskirts,12.528101,7.584955,Under Investigation
DUT10609,2024-06-13,20:31:00,Burglary,Motorpark,12.52053,7.56558,Arrested
DUT10610,2024-01-01,07:42:00,Burglary,Residential Area,12.517293,7.602903,Arrested
DUT10611,2023-08-27,04:11:00,Robbery,Motorpark,12.510248,7.566196,Under Investigation
DUT10612,2024-03-12,18:02:00,Theft,Motorpark,12.546676,7.568276,Not Arrested
DUT10613,2023-03-29,20:36:00,Theft,Residential Area,12.530294,7.557404,Not Arrested
DUT10614,2022-06-09,07:22:00,Fraud,Town Centre,12.534876,7.55706,Arrested
DUT10615,2023-11-19,14:00:00,Theft,Town Centre,12.553278,7.60421,Not Arrested
DUT10616,2023-12-19,08:50:00,Theft,Near School,12.52285,7.532604,Arrested
DUT10617,2024-06-16,23:26:00,Fraud,Near School,12.532234,7.611594,Under Investigation
DUT10618,2024-02-15,11:34:00,Assault,Motorpark,12.517927,7.592782,Not Arrested
DUT10619,2023-04-07,05:28:00,Theft,Residential Area,12.567554,7.548928,Not Arrested
DUT10620,2022-02-11,10:16:00,Fraud,Market,12.54538,7.592568,Arrested
DUT10621,2024-02-08,05:46:00,Theft,Town Centre,12.526417,7.555928,Under Investigation
DUT10622,2023-11-24,19:39:00,Vandalism,Near School,12.522366,7.539705,Not Arrested
DUT10623,2022-12-04,19:56:00,Assault,Residential Area,12.521014,7.535521,Arrested
DUT10624,2023-02-25,06:26:00,Robbery,Outskirts,12.534682,7.544601,Not Arrested
DUT10625,2023-06-28,21:18:00,Theft,Near School,12.538676,7.528882,Arrested
DUT10626,2024-10-02,04:03:00,Assault,Residential Area,12.540618,7.576671,Not Arrested
DUT10627,2024-09-10,06:06:00,Theft,Residential Area,12.494125,7.567481,Arrested
DUT10628,2022-06-17,15:54:00,Theft,Near School,12.558553,7.535807,Not Arrested
DUT10629,2024-09-28,21:16:00,Theft,Market,12.567451,7.56838,Not Arrested
DUT10630,2024-01-30,12:23:00,Theft,Near School,12.5199,7.558885,Arrested
DUT10631,2024-08-10,08:14:00,Vandalism,Market,12.545167,7.56152,Not Arrested
DUT10632,2022-07-18,02:42:00,Assault,Motorpark,12.544775,7.541587,Not Arrested
DUT10633,2023-04-11,17:03:00,Vandalism,Near School,12.537387,7.531726,Not Arrested
DUT10634,2024-08-30,18:56:00,Theft,Near School,12.531775,7.541922,Not Arrested
DUT10635,2022-03-13,16:36:00,Fraud,Outskirts,12.519289,7.584722,Not Arrested
DUT10636,2022-10-29,03:48:00,Assault,Market,12.555826,7.572183,Under Investigation
DUT10637,2023-03-10,06:08:00,Theft,Outskirts,12.512154,7.553672,Arrested
DUT10638,2024-06-10,06:52:00,Burglary,Residential Area,12.558262,7.562834,Not Arrested
DUT10639,2023-10-17,23:58:00,Vandalism,Motorpark,12.580387,7.567866,Arrested
DUT10640,2024-03-24,17:20:00,Vandalism,Town Centre,12.537841,7.553818,Not Arrested
DUT10641,2024-12-06,13:07:00,Assault,Motorpark,12.536671,7.556951,Arrested
DUT10642,2022-07-25,03:36:00,Robbery,Motorpark,12.548162,7.579134,Not Arrested
DUT10643,2023-12-06,13:16:00,Assault,Motorpark,12.51828,7.533375,Not Arrested
DUT10644,2024-08-26,01:11:00,Theft,Motorpark,12.497276,7.57016,Arrested
DUT10645,2024-04-02,01:25:00,Vandalism,Market,12.511933,7.516942,Not Arrested
DUT10646,2022-04-11,23:30:00,Fraud,Town Centre,12.541772,7.60986,Under Investigation
DUT10647,2023-11-23,09:19:00,Theft,Outskirts,12.533879,7.57677,Not Arrested
DUT10648,2022-07-21,07:08:00,Assault,Residential Area,12.535637,7.558022,Not Arrested
DUT10649,2023-07-06,23:26:00,Burglary,Near School,12.552382,7.554195,Arrested
DUT10650,2023-03-09,13:47:00,Assault,Residential Area,12.539348,7.566434,Not Arrested
DUT10651,2022-04-26,16:50:00,Theft,Motorpark,12.520638,7.579841,Not Arrested
DUT10652,2024-04-06,04:49:00,Vandalism,Town Centre,12.530501,7.544885,Under Investigation
DUT10653,2022-12-22,06:56:00,Vandalism,Market,12.54473,7.542031,Not Arrested
DUT10654,2022-03-09,14:03:00,Fraud,Residential Area,12.534564,7.559818,Not Arrested
DUT10655,2024-01-25,14:32:00,Assault,Outskirts,12.555718,7.569494,Under Investigation
DUT10656,2022-03-04,07:23:00,Assault,Near School,12.533499,7.576355,Not Arrested
DUT10657,2023-12-18,11:10:00,Vandalism,Outskirts,12.561804,7.571156,Not Arrested
DUT10658,2022-07-05,09:01:00,Assault,Motorpark,12.534207,7.533763,Arrested
DUT10659,2023-03-15,07:41:00,Theft,Outskirts,12.512698,7.553896,Not Arrested
DUT10660,2024-04-18,16:01:00,Vandalism,Outskirts,12.52181,7.556261,Under Investigation
DUT10661,2022-01-19,15:58:00,Theft,Town Centre,12.535133,7.570594,Arrested
DUT10662,2023-04-04,08:38:00,Vandalism,Outskirts,12.53259,7.56973,Not Arrested
DUT10663,2023-07-18,13:57:00,Assault,Residential Area,12.535289,7.520491,Not Arrested
DUT10664,2023-03-23,14:19:00,Robbery,Near School,12.515213,7.557118,Not Arrested
DUT10665,2022-07-29,00:32:00,Fraud,Residential Area,12.509806,7.571999,Under Investigation
DUT10666,2023-08-02,09:43:00,Theft,Residential Area,12.564615,7.584375,Arrested
DUT10667,2023-10-28,08:16:00,Robbery,Outskirts,12.529731,7.589815,Under Investigation
DUT10668,2023-09-04,06:09:00,Burglary,Town Centre,12.536973,7.553258,Not Arrested
DUT10669,2024-04-07,21:20:00,Robbery,Outskirts,12.521732,7.553951,Not Arrested
DUT10670,2024-10-15,09:16:00,Fraud,Outskirts,12.526236,7.563408,Not Arrested
DUT10671,2022-03-14,18:45:00,Fraud,Residential Area,12.537211,7.560061,Not Arrested
DUT10672,2023-04-01,21:34:00,Burglary,Outskirts,12.542739,7.583813,Not Arrested
DUT10673,2024-01-05,16:19:00,Vandalism,Motorpark,12.552991,7.530302,Not Arrested
DUT10674,2023-01-06,09:06:00,Assault,Outskirts,12.482922,7.578686,Not Arrested
DUT10675,2023-01-10,21:57:00,Assault,Residential Area,12.506662,7.555505,Arrested
DUT10676,2023-04-03,23:55:00,Assault,Residential Area,12.510598,7.52396,Not Arrested
DUT10677,2024-02-01,08:37:00,Theft,Near School,12.544829,7.575183,Under Investigation
DUT10678,2022-04-20,20:37:00,Burglary,Near School,12.52247,7.508179,Not Arrested
DUT10679,2023-02-03,16:07:00,Vandalism,Residential Area,12.523075,7.567836,Not Arrested
DUT10680,2024-04-26,01:55:00,Vandalism,Market,12.504422,7.563667,Arrested
DUT10681,2023-12-03,13:36:00,Vandalism,Market,12.533694,7.571586,Under Investigation
DUT10682,2023-10-10,22:11:00,Robbery,Outskirts,12.536392,7.540539,Not Arrested
DUT10683,2022-12-29,10:40:00,Theft,Market,12.557931,7.556829,Not Arrested
DUT10684,2022-12-12,18:48:00,Theft,Town Centre,12.533454,7.541335,Not Arrested
DUT10685,2022-09-23,19:27:00,Burglary,Near School,12.525134,7.542304,Not Arrested
DUT10686,2024-02-25,00:02:00,Burglary,Town Centre,12.530541,7.594234,Not Arrested
DUT10687,2023-10-22,16:12:00,Theft,Outskirts,12.506562,7.527729,Arrested
DUT10688,2023-05-25,07:44:00,Vandalism,Town Centre,12.563423,7.555814,Not Arrested
DUT10689,2024-02-25,16:37:00,Assault,Town Centre,12.520619,7.580798,Arrested
DUT10690,2023-09-03,09:29:00,Robbery,Residential Area,12.521888,7.59652,Not Arrested
DUT10691,2024-06-07,21:08:00,Assault,Residential Area,12.547559,7.550242,Under Investigation
DUT10692,2023-01-21,05:58:00,Fraud,Market,12.577146,7.547886,Not Arrested
DUT10693,2023-04-05,23:08:00,Theft,Motorpark,12.548842,7.565986,Arrested
DUT10694,2022-12-13,03:23:00,Robbery,Near School,12.560035,7.59123,Not Arrested
DUT10695,2023-06-08,17:39:00,Theft,Outskirts,12.53464,7.544932,Under Investigation
DUT10696,2022-08-10,20:53:00,Theft,Near School,12.543199,7.546446,Not Arrested
DUT10697,2024-06-28,12:07:00,Burglary,Market,12.574268,7.562731,Not Arrested
DUT10698,2023-02-25,22:43:00,Burglary,Outskirts,12.526694,7.563694,Not Arrested
DUT10699,2022-07-26,21:33:00,Theft,Market,12.507057,7.540568,Not Arrested
DUT10700,2024-05-07,03:32:00,Robbery,Town Centre,12.558008,7.546862,Arrested
DUT10701,2022-08-06,15:12:00,Burglary,Motorpark,12.513062,7.570733,Not Arrested
DUT10702,2023-02-18,11:45:00,Assault,Motorpark,12.557714,7.574379,Arrested
DUT10703,2024-10-13,06:44:00,Fraud,Town Centre,12.553921,7.544864,Not Arrested
DUT10704,2022-01-27,21:05:00,Fraud,Outskirts,12.505564,7.590027,Not Arrested
DUT10705,2024-10-08,04:05:00,Robbery,Outskirts,12.527546,7.554983,Arrested
DUT10706,2022-07-27,08:41:00,Theft,Residential Area,12.560564,7.571125,Under Investigation
DUT10707,2023-06-25,14:03:00,Theft,Town Centre,12.543118,7.6033,Arrested
DUT10708,2023-08-19,11:51:00,Robbery,Town Centre,12.52113,7.578557,Not Arrested
DUT10709,2022-07-14,01:00:00,Vandalism,Market,12.53514,7.565372,Not Arrested
DUT10710,2023-11-05,11:57:00,Assault,Outskirts,12.564569,7.570157,Not Arrested
DUT10711,2022-07-10,11:52:00,Assault,Near School,12.544766,7.58145,Arrested
DUT10712,2024-07-23,08:53:00,Assault,Near School,12.526701,7.543216,Under Investigation
DUT10713,2022-12-08,03:08:00,Robbery,Market,12.513104,7.520673,Arrested
DUT10714,2022-08-01,13:58:00,Burglary,Outskirts,12.575124,7.537936,Not Arrested
DUT10715,2024-06-16,05:39:00,Assault,Town Centre,12.529575,7.554464,Not Arrested
DUT10716,2022-09-25,15:58:00,Assault,Near School,12.540148,7.576315,Under Investigation
DUT10717,2022-04-05,02:16:00,Robbery,Outskirts,12.551209,7.548338,Arrested
DUT10718,2024-12-10,23:36:00,Robbery,Outskirts,12.530658,7.565652,Not Arrested
DUT10719,2023-11-24,16:33:00,Robbery,Near School,12.529026,7.592147,Not Arrested
DUT10720,2023-05-25,15:22:00,Robbery,Market,12.543819,7.574698,Not Arrested
DUT10721,2022-04-22,00:41:00,Fraud,Near School,12.547258,7.583469,Not Arrested
DUT10722,2024-10-12,05:04:00,Robbery,Residential Area,12.53762,7.534063,Not Arrested
DUT10723,2023-07-24,01:32:00,Theft,Near School,12.541994,7.546973,Not Arrested
DUT10724,2023-04-27,02:29:00,Assault,Town Centre,12.523428,7.571727,Not Arrested
DUT10725,2024-10-17,14:20:00,Theft,Outskirts,12.558766,7.560425,Not Arrested
DUT10726,2022-02-06,03:25:00,Assault,Town Centre,12.540177,7.594044,Not Arrested
DUT10727,2022-07-06,19:39:00,Burglary,Motorpark,12.538815,7.612034,Under Investigation
DUT10728,2023-02-28,20:42:00,Assault,Town Centre,12.54531,7.524785,Not Arrested
DUT10729,2023-04-02,14:21:00,Burglary,Near School,12.549067,7.567623,Not Arrested
DUT10730,2024-01-15,22:28:00,Theft,Market,12.559795,7.573464,Not Arrested
DUT10731,2022-01-05,10:22:00,Vandalism,Residential Area,12.531231,7.535514,Under Investigation
DUT10732,2024-12-05,11:44:00,Theft,Near School,12.52982,7.54299,Under Investigation
DUT10733,2022-10-15,22:47:00,Robbery,Motorpark,12.52239,7.571772,Arrested
DUT10734,2023-02-06,06:07:00,Fraud,Near School,12.567398,7.567893,Not Arrested
DUT10735,2023-01-26,22:21:00,Theft,Outskirts,12.510082,7.568892,Not Arrested
DUT10736,2022-09-10,14:29:00,Robbery,Market,12.557933,7.547804,Under Investigation
DUT10737,2024-10-18,00:33:00,Robbery,Near School,12.53132,7.560294,Not Arrested
DUT10738,2024-09-16,16:49:00,Fraud,Motorpark,12.518302,7.572966,Arrested
DUT10739,2022-12-22,23:52:00,Theft,Motorpark,12.531581,7.568391,Not Arrested
DUT10740,2023-10-22,16:56:00,Assault,Outskirts,12.51625,7.551251,Under Investigation
DUT10741,2023-05-24,08:25:00,Fraud,Near School,12.548448,7.552543,Under Investigation
DUT10742,2022-10-01,04:26:00,Burglary,Motorpark,12.568539,7.552007,Under Investigation
DUT10743,2023-09-05,22:35:00,Vandalism,Motorpark,12.538494,7.578652,Not Arrested
DUT10744,2023-03-22,06:13:00,Burglary,Residential Area,12.505633,7.524784,Not Arrested
DUT10745,2022-09-29,22:41:00,Fraud,Motorpark,12.503487,7.585252,Arrested
DUT10746,2023-10-23,22:07:00,Robbery,Motorpark,12.522963,7.611164,Not Arrested
DUT10747,2024-05-04,21:47:00,Vandalism,Near School,12.522715,7.563691,Not Arrested
DUT10748,2022-01-27,16:06:00,Theft,Outskirts,12.564842,7.600122,Arrested
DUT10749,2022-04-26,06:17:00,Robbery,Residential Area,12.57523,7.584167,Arrested
DUT10750,2023-05-29,04:53:00,Theft,Market,12.554481,7.571851,Not Arrested
DUT10751,2022-03-08,11:52:00,Assault,Outskirts,12.549567,7.548976,Not Arrested
DUT10752,2023-04-05,23:41:00,Burglary,Outskirts,12.517636,7.559933,Not Arrested
DUT10753,2023-08-13,22:42:00,Theft,Near School,12.530596,7.550935,Not Arrested
DUT10754,2023-10-03,17:03:00,Theft,Motorpark,12.547928,7.579106,Not Arrested
DUT10755,2024-06-26,07:58:00,Burglary,Residential Area,12.535768,7.589551,Not Arrested
DUT10756,2023-02-07,23:12:00,Theft,Outskirts,12.511166,7.556127,Arrested
DUT10757,2022-06-02,05:11:00,Robbery,Town Centre,12.519664,7.522669,Arrested
DUT10758,2024-05-27,08:35:00,Theft,Residential Area,12.532346,7.557565,Arrested
DUT10759,2022-01-12,10:29:00,Robbery,Market,12.564269,7.572616,Arrested
DUT10760,2023-10-23,19:03:00,Robbery,Outskirts,12.513516,7.597082,Not Arrested
DUT10761,2023-09-09,15:50:00,Burglary,Outskirts,12.558421,7.571642,Not Arrested
DUT10762,2023-10-13,16:14:00,Fraud,Motorpark,12.52947,7.540811,Not Arrested
DUT10763,2022-11-23,13:34:00,Burglary,Market,12.526556,7.581775,Arrested
DUT10764,2023-03-13,21:21:00,Assault,Motorpark,12.571692,7.590865,Not Arrested
DUT10765,2024-12-22,15:35:00,Vandalism,Town Centre,12.524223,7.537608,Under Investigation
DUT10766,2022-08-23,21:22:00,Assault,Motorpark,12.536818,7.524631,Under Investigation
DUT10767,2023-05-15,01:43:00,Vandalism,Town Centre,12.540463,7.557048,Not Arrested
DUT10768,2024-03-01,08:34:00,Robbery,Motorpark,12.524679,7.528106,Arrested
DUT10769,2024-02-07,16:51:00,Burglary,Residential Area,12.544272,7.549346,Not Arrested
DUT10770,2023-01-30,10:32:00,Theft,Motorpark,12.510602,7.502555,Arrested
DUT10771,2024-12-28,00:40:00,Theft,Market,12.53345,7.595445,Not Arrested
DUT10772,2024-05-18,03:13:00,Burglary,Outskirts,12.567225,7.550858,Not Arrested
DUT10773,2024-06-10,20:52:00,Fraud,Market,12.521956,7.569375,Not Arrested
DUT10774,2022-02-18,14:45:00,Assault,Town Centre,12.514032,7.566036,Arrested
DUT10775,2022-12-31,08:35:00,Theft,Residential Area,12.549322,7.584539,Not Arrested
DUT10776,2024-04-14,12:28:00,Burglary,Town Centre,12.531997,7.555927,Not Arrested
DUT10777,2024-03-08,21:07:00,Burglary,Motorpark,12.51644,7.543462,Not Arrested
DUT10778,2022-05-10,23:37:00,Theft,Residential Area,12.52947,7.567347,Not Arrested
DUT10779,2024-10-26,03:18:00,Robbery,Town Centre,12.552272,7.543936,Not Arrested
DUT10780,2023-07-31,14:24:00,Assault,Near School,12.563854,7.554578,Not Arrested
DUT10781,2022-11-17,17:14:00,Theft,Motorpark,12.533573,7.545056,Not Arrested
DUT10782,2023-08-28,20:09:00,Theft,Outskirts,12.485515,7.577681,Under Investigation
DUT10783,2024-02-04,00:35:00,Vandalism,Town Centre,12.548737,7.554373,Arrested
DUT10784,2022-01-11,18:38:00,Assault,Town Centre,12.53534,7.570319,Not Arrested
DUT10785,2023-09-17,06:47:00,Robbery,Market,12.502749,7.549419,Not Arrested
DUT10786,2024-04-25,20:54:00,Burglary,Market,12.549885,7.534914,Arrested
DUT10787,2023-06-02,06:07:00,Theft,Town Centre,12.539871,7.532868,Not Arrested
DUT10788,2024-08-02,20:35:00,Theft,Residential Area,12.543329,7.559287,Not Arrested
DUT10789,2022-07-21,06:46:00,Burglary,Residential Area,12.501697,7.583295,Under Investigation
DUT10790,2022-09-20,21:41:00,Theft,Town Centre,12.519308,7.543795,Not Arrested
DUT10791,2023-02-01,10:31:00,Assault,Residential Area,12.538011,7.582973,Not Arrested
DUT10792,2022-11-09,18:36:00,Assault,Near School,12.513684,7.561234,Not Arrested
DUT10793,2022-12-12,00:20:00,Theft,Outskirts,12.542576,7.573862,Not Arrested
DUT10794,2024-06-12,08:53:00,Assault,Residential Area,12.537529,7.552659,Not Arrested
DUT10795,2024-09-09,14:28:00,Assault,Motorpark,12.517448,7.561723,Not Arrested
DUT10796,2022-08-11,05:41:00,Burglary,Market,12.512557,7.501573,Not Arrested
DUT10797,2023-02-07,08:46:00,Vandalism,Town Centre,12.542731,7.578079,Arrested
DUT10798,2022-02-08,16:40:00,Theft,Near School,12.486741,7.539805,Not Arrested
DUT10799,2023-03-12,01:35:00,Theft,Motorpark,12.546383,7.60115,Under Investigation
DUT10800,2024-08-24,20:49:00,Theft,Motorpark,12.534416,7.54544,Not Arrested
DUT10801,2023-08-19,04:29:00,Burglary,Residential Area,12.530342,7.587498,Arrested
DUT10802,2024-10-25,00:42:00,Theft,Motorpark,12.521081,7.544016,Under Investigation
DUT10803,2022-12-06,16:08:00,Assault,Motorpark,12.524345,7.540933,Arrested
DUT10804,2022-10-27,23:46:00,Assault,Market,12.536453,7.592494,Not Arrested
DUT10805,2024-09-25,07:04:00,Theft,Outskirts,12.540462,7.554953,Not Arrested
DUT10806,2023-02-28,16:58:00,Robbery,Near School,12.528164,7.528736,Not Arrested
DUT10807,2022-04-06,01:41:00,Assault,Motorpark,12.551662,7.558443,Not Arrested
DUT10808,2023-07-15,23:16:00,Burglary,Near School,12.53039,7.623862,Not Arrested
DUT10809,2024-02-15,11:37:00,Robbery,Motorpark,12.539975,7.544964,Not Arrested
DUT10810,2023-05-31,12:58:00,Theft,Residential Area,12.525473,7.582969,Not Arrested
DUT10811,2024-09-24,15:56:00,Burglary,Market,12.536265,7.531234,Not Arrested
DUT10812,2024-06-19,05:14:00,Theft,Market,12.552385,7.546637,Not Arrested
DUT10813,2022-11-04,05:10:00,Assault,Town Centre,12.571466,7.581601,Not Arrested
DUT10814,2023-04-17,13:51:00,Assault,Outskirts,12.525054,7.58562,Arrested
DUT10815,2024-09-07,15:13:00,Burglary,Near School,12.535357,7.577055,Not Arrested
DUT10816,2022-02-15,07:02:00,Theft,Market,12.543695,7.543073,Not Arrested
DUT10817,2024-11-15,01:57:00,Burglary,Residential Area,12.521129,7.580599,Arrested
DUT10818,2023-01-04,16:25:00,Burglary,Town Centre,12.527304,7.551927,Not Arrested
DUT10819,2023-08-04,02:13:00,Assault,Near School,12.514898,7.568472,Under Investigation
DUT10820,2022-12-16,07:53:00,Assault,Motorpark,12.57525,7.538649,Arrested
DUT10821,2023-01-08,19:42:00,Burglary,Outskirts,12.534484,7.588244,Arrested
DUT10822,2023-12-03,14:38:00,Burglary,Near School,12.532407,7.569047,Not Arrested
DUT10823,2022-09-28,03:01:00,Theft,Motorpark,12.512752,7.568566,Under Investigation
DUT10824,2024-05-09,04:38:00,Theft,Motorpark,12.530257,7.579715,Not Arrested
DUT10825,2022-03-21,17:32:00,Robbery,Outskirts,12.557748,7.611791,Arrested
DUT10826,2022-09-24,19:34:00,Vandalism,Outskirts,12.545593,7.566516,Under Investigation
DUT10827,2024-06-02,16:26:00,Assault,Motorpark,12.537888,7.552937,Arrested
DUT10828,2024-05-28,07:51:00,Assault,Residential Area,12.54077,7.554092,Not Arrested
DUT10829,2022-07-20,13:08:00,Theft,Town Centre,12.537369,7.586352,Not Arrested
DUT10830,2023-08-04,19:56:00,Burglary,Town Centre,12.513869,7.582798,Not Arrested
DUT10831,2022-01-15,18:33:00,Theft,Outskirts,12.560342,7.557639,Arrested
DUT10832,2023-02-25,22:51:00,Assault,Market,12.491563,7.547844,Not Arrested
DUT10833,2024-05-22,20:37:00,Theft,Near School,12.55994,7.559543,Under Investigation
DUT10834,2024-01-19,19:17:00,Fraud,Market,12.514014,7.549905,Not Arrested
DUT10835,2024-04-26,17:50:00,Burglary,Motorpark,12.550812,7.570935,Arrested
DUT10836,2024-09-17,08:19:00,Burglary,Near School,12.529221,7.552664,Not Arrested
DUT10837,2022-10-10,21:07:00,Robbery,Outskirts,12.526165,7.541552,Not Arrested
DUT10838,2022-11-28,03:13:00,Burglary,Motorpark,12.566308,7.553554,Not Arrested
DUT10839,2022-04-17,05:24:00,Fraud,Town Centre,12.558343,7.590426,Arrested
DUT10840,2022-10-25,15:59:00,Burglary,Residential Area,12.553966,7.551368,Arrested
DUT10841,2023-03-31,11:05:00,Burglary,Near School,12.542075,7.559516,Not Arrested
DUT10842,2024-12-03,09:45:00,Fraud,Market,12.515926,7.566487,Arrested
DUT10843,2024-10-09,14:00:00,Theft,Motorpark,12.510419,7.583754,Not Arrested
DUT10844,2023-08-09,06:02:00,Robbery,Outskirts,12.524708,7.564023,Not Arrested
DUT10845,2023-04-20,19:10:00,Robbery,Outskirts,12.539666,7.554822,Not Arrested
DUT10846,2022-01-01,05:05:00,Fraud,Residential Area,12.545734,7.550502,Not Arrested
DUT10847,2024-03-20,12:37:00,Theft,Outskirts,12.551426,7.53308,Arrested
DUT10848,2022-05-21,02:35:00,Theft,Motorpark,12.536528,7.598779,Not Arrested
DUT10849,2023-12-14,11:52:00,Theft,Market,12.513993,7.546445,Not Arrested
DUT10850,2024-07-20,12:36:00,Theft,Motorpark,12.544278,7.563592,Arrested
DUT10851,2022-08-07,17:04:00,Burglary,Town Centre,12.541013,7.569784,Not Arrested
DUT10852,2024-11-17,08:56:00,Burglary,Residential Area,12.546694,7.582194,Not Arrested
DUT10853,2024-06-25,12:36:00,Assault,Residential Area,12.542196,7.555175,Not Arrested
DUT10854,2024-07-28,21:29:00,Vandalism,Near School,12.547451,7.597998,Under Investigation
DUT10855,2022-08-27,08:04:00,Assault,Market,12.531347,7.540509,Not Arrested
DUT10856,2023-04-16,10:26:00,Fraud,Town Centre,12.556142,7.557592,Not Arrested
DUT10857,2023-06-24,07:18:00,Theft,Residential Area,12.490547,7.576948,Not Arrested
DUT10858,2022-06-05,17:59:00,Theft,Market,12.523293,7.558189,Not Arrested
DUT10859,2023-07-06,05:47:00,Robbery,Near School,12.54064,7.56381,Under Investigation
DUT10860,2023-02-13,07:47:00,Theft,Market,12.548189,7.55129,Not Arrested
DUT10861,2023-02-20,07:53:00,Burglary,Town Centre,12.544262,7.554809,Arrested
DUT10862,2022-09-03,02:43:00,Fraud,Town Centre,12.548776,7.572307,Not Arrested
DUT10863,2022-03-28,15:23:00,Burglary,Motorpark,12.515291,7.58172,Not Arrested
DUT10864,2023-07-17,15:11:00,Fraud,Residential Area,12.523281,7.576161,Under Investigation
DUT10865,2024-03-25,07:48:00,Burglary,Near School,12.541346,7.596764,Arrested
DUT10866,2024-09-06,17:02:00,Burglary,Outskirts,12.529531,7.553014,Not Arrested
DUT10867,2022-12-24,14:07:00,Robbery,Outskirts,12.533612,7.553936,Not Arrested
DUT10868,2022-01-18,00:43:00,Theft,Residential Area,12.549999,7.527674,Not Arrested
DUT10869,2024-01-11,19:55:00,Theft,Market,12.512926,7.538644,Not Arrested
DUT10870,2023-07-06,15:39:00,Assault,Near School,12.553006,7.594212,Arrested
DUT10871,2023-03-08,13:44:00,Robbery,Near School,12.531911,7.556624,Not Arrested
DUT10872,2023-07-27,14:11:00,Burglary,Outskirts,12.535401,7.583238,Under Investigation
DUT10873,2023-04-14,03:46:00,Theft,Near School,12.515453,7.564767,Not Arrested
DUT10874,2024-02-20,06:09:00,Vandalism,Near School,12.553504,7.570022,Not Arrested
DUT10875,2022-01-20,05:26:00,Assault,Outskirts,12.537792,7.580021,Under Investigation
DUT10876,2024-11-24,17:46:00,Assault,Residential Area,12.479935,7.573558,Not Arrested
DUT10877,2022-04-08,12:06:00,Robbery,Residential Area,12.520918,7.523387,Arrested
DUT10878,2024-09-02,20:06:00,Assault,Residential Area,12.544224,7.587473,Not Arrested
DUT10879,2024-01-08,17:35:00,Fraud,Town Centre,12.531251,7.579057,Not Arrested
DUT10880,2024-04-23,03:22:00,Vandalism,Market,12.566246,7.586298,Under Investigation
DUT10881,2022-12-24,09:22:00,Assault,Outskirts,12.566799,7.574843,Not Arrested
DUT10882,2024-07-04,02:24:00,Burglary,Market,12.535509,7.527961,Not Arrested
DUT10883,2022-12-10,20:51:00,Fraud,Motorpark,12.529079,7.543135,Not Arrested
DUT10884,2024-04-08,02:05:00,Theft,Residential Area,12.577419,7.556482,Not Arrested
DUT10885,2023-08-20,22:17:00,Burglary,Near School,12.536464,7.57103,Not Arrested
DUT10886,2024-01-14,23:37:00,Burglary,Market,12.534872,7.593901,Not Arrested
DUT10887,2023-01-12,00:08:00,Robbery,Outskirts,12.521547,7.563892,Not Arrested
DUT10888,2022-06-13,06:10:00,Assault,Near School,12.519151,7.5336,Arrested
DUT10889,2022-04-21,00:49:00,Assault,Town Centre,12.521765,7.559259,Not Arrested
DUT10890,2022-08-01,08:39:00,Theft,Near School,12.525414,7.546152,Not Arrested
DUT10891,2023-09-26,07:15:00,Robbery,Market,12.505874,7.558338,Not Arrested
DUT10892,2022-09-26,16:53:00,Theft,Residential Area,12.503906,7.575201,Arrested
DUT10893,2023-10-29,15:29:00,Fraud,Residential Area,12.535649,7.530849,Not Arrested
DUT10894,2024-06-30,04:44:00,Burglary,Near School,12.527816,7.544957,Not Arrested
DUT10895,2024-06-09,16:40:00,Burglary,Residential Area,12.540383,7.586809,Not Arrested
DUT10896,2024-09-13,17:14:00,Vandalism,Residential Area,12.496497,7.562301,Not Arrested
DUT10897,2024-04-24,08:09:00,Assault,Market,12.530797,7.573427,Arrested
DUT10898,2023-12-06,09:30:00,Burglary,Near School,12.538264,7.544961,Not Arrested
DUT10899,2024-09-04,09:00:00,Robbery,Motorpark,12.527619,7.544079,Not Arrested
DUT10900,2023-04-19,00:35:00,Assault,Motorpark,12.55552,7.560426,Not Arrested
DUT10901,2024-06-14,12:15:00,Theft,Near School,12.572024,7.558787,Not Arrested
DUT10902,2024-02-14,07:16:00,Theft,Motorpark,12.519832,7.529726,Not Arrested
DUT10903,2023-07-11,09:41:00,Robbery,Near School,12.497937,7.528317,Not Arrested
DUT10904,2023-01-21,02:11:00,Theft,Near School,12.539343,7.570175,Arrested
DUT10905,2024-07-16,08:44:00,Burglary,Town Centre,12.502376,7.577901,Arrested
DUT10906,2022-11-08,01:34:00,Theft,Residential Area,12.524339,7.562936,Under Investigation
DUT10907,2023-07-06,04:45:00,Assault,Town Centre,12.566244,7.577937,Arrested
DUT10908,2022-11-05,00:31:00,Theft,Near School,12.528629,7.542176,Not Arrested
DUT10909,2024-01-31,14:44:00,Robbery,Market,12.490964,7.545617,Not Arrested
DUT10910,2022-04-25,08:49:00,Assault,Market,12.529777,7.540256,Not Arrested
DUT10911,2023-01-29,08:52:00,Assault,Outskirts,12.531375,7.561537,Arrested
DUT10912,2023-05-25,12:49:00,Fraud,Town Centre,12.529503,7.547,Not Arrested
DUT10913,2023-02-12,14:47:00,Robbery,Market,12.537373,7.568839,Not Arrested
DUT10914,2024-08-26,12:43:00,Fraud,Market,12.512192,7.588219,Under Investigation
DUT10915,2022-03-28,23:59:00,Burglary,Near School,12.532028,7.560377,Arrested
DUT10916,2023-09-04,06:23:00,Vandalism,Market,12.548164,7.564664,Under Investigation
DUT10917,2022-08-20,07:40:00,Assault,Residential Area,12.553063,7.565742,Arrested
DUT10918,2022-09-03,12:50:00,Theft,Motorpark,12.521751,7.56723,Under Investigation
DUT10919,2024-08-31,22:38:00,Theft,Market,12.511125,7.562171,Not Arrested
DUT10920,2022-11-19,15:05:00,Robbery,Outskirts,12.533335,7.555838,Not Arrested
DUT10921,2022-05-03,01:22:00,Burglary,Town Centre,12.531429,7.522363,Not Arrested
DUT10922,2022-09-15,15:14:00,Assault,Outskirts,12.523026,7.561857,Not Arrested
DUT10923,2023-12-13,14:46:00,Theft,Residential Area,12.537197,7.539446,Not Arrested
DUT10924,2022-10-03,08:57:00,Theft,Motorpark,12.559314,7.542677,Not Arrested
DUT10925,2023-08-27,17:44:00,Assault,Motorpark,12.553389,7.568544,Not Arrested
DUT10926,2023-12-14,10:46:00,Assault,Motorpark,12.521075,7.595506,Under Investigation
DUT10927,2022-11-25,02:33:00,Theft,Residential Area,12.510127,7.578383,Not Arrested
DUT10928,2024-01-22,14:00:00,Robbery,Outskirts,12.554012,7.546588,Not Arrested
DUT10929,2023-01-15,00:39:00,Vandalism,Market,12.561849,7.554999,Not Arrested
DUT10930,2023-10-19,23:04:00,Robbery,Near School,12.539774,7.565206,Not Arrested
DUT10931,2023-01-24,16:43:00,Assault,Motorpark,12.531314,7.576216,Not Arrested
DUT10932,2023-08-03,10:26:00,Burglary,Motorpark,12.54987,7.525029,Arrested
DUT10933,2022-05-17,01:53:00,Fraud,Town Centre,12.560087,7.52675,Arrested
DUT10934,2023-02-18,03:31:00,Theft,Outskirts,12.554651,7.582534,Arrested
DUT10935,2024-03-06,21:31:00,Burglary,Residential Area,12.512181,7.551784,Not Arrested
DUT10936,2022-04-11,11:14:00,Burglary,Market,12.511886,7.555702,Arrested
DUT10937,2024-10-03,02:29:00,Vandalism,Motorpark,12.527839,7.575593,Arrested
DUT10938,2024-05-01,11:50:00,Robbery,Residential Area,12.560206,7.587914,Not Arrested
DUT10939,2024-12-19,01:46:00,Theft,Market,12.522757,7.555816,Not Arrested
DUT10940,2024-11-29,03:06:00,Robbery,Market,12.500331,7.543883,Not Arrested
DUT10941,2023-01-31,16:42:00,Theft,Market,12.553297,7.592312,Not Arrested
DUT10942,2024-04-30,23:06:00,Robbery,Outskirts,12.509313,7.548151,Not Arrested
DUT10943,2024-07-28,22:42:00,Assault,Market,12.533472,7.565603,Arrested
DUT10944,2024-04-02,16:21:00,Robbery,Motorpark,12.517808,7.568481,Not Arrested
DUT10945,2024-06-26,11:57:00,Assault,Residential Area,12.524523,7.559711,Under Investigation
DUT10946,2024-02-01,13:48:00,Burglary,Residential Area,12.544926,7.560128,Not Arrested
DUT10947,2023-05-08,18:34:00,Theft,Outskirts,12.525272,7.557808,Not Arrested
DUT10948,2023-06-05,11:28:00,Assault,Outskirts,12.532233,7.5526,Not Arrested
DUT10949,2022-03-12,09:38:00,Theft,Residential Area,12.528824,7.591973,Arrested
DUT10950,2022-01-14,09:14:00,Theft,Outskirts,12.545218,7.55409,Not Arrested
DUT10951,2023-07-20,17:32:00,Burglary,Market,12.547939,7.553324,Under Investigation
DUT10952,2022-07-13,01:29:00,Assault,Residential Area,12.557462,7.567393,Arrested
DUT10953,2023-05-27,07:16:00,Vandalism,Near School,12.531854,7.568954,Arrested
DUT10954,2023-03-22,23:04:00,Robbery,Market,12.502582,7.537465,Not Arrested
DUT10955,2024-09-26,22:44:00,Burglary,Motorpark,12.510121,7.562859,Under Investigation
DUT10956,2023-09-08,01:46:00,Vandalism,Town Centre,12.56865,7.604626,Not Arrested
DUT10957,2023-11-16,11:56:00,Vandalism,Town Centre,12.546761,7.570017,Not Arrested
DUT10958,2023-04-10,23:41:00,Vandalism,Outskirts,12.497979,7.549147,Under Investigation
DUT10959,2024-02-23,01:19:00,Burglary,Motorpark,12.518244,7.547583,Not Arrested
DUT10960,2022-11-03,10:32:00,Robbery,Outskirts,12.530637,7.550558,Arrested
DUT10961,2024-03-15,14:48:00,Burglary,Market,12.494414,7.574958,Not Arrested
DUT10962,2024-06-03,09:50:00,Assault,Town Centre,12.512545,7.564785,Arrested
DUT10963,2024-09-01,18:47:00,Theft,Town Centre,12.575482,7.541612,Not Arrested
DUT10964,2024-03-27,16:27:00,Robbery,Market,12.483394,7.55428,Arrested
DUT10965,2024-09-11,17:12:00,Assault,Market,12.556019,7.599167,Not Arrested
DUT10966,2024-12-09,07:15:00,Theft,Residential Area,12.509409,7.569934,Not Arrested
DUT10967,2022-07-03,03:42:00,Assault,Market,12.524694,7.557881,Not Arrested
DUT10968,2023-10-19,11:38:00,Robbery,Market,12.586887,7.529941,Not Arrested
DUT10969,2023-12-18,19:52:00,Fraud,Market,12.539075,7.569354,Not Arrested
DUT10970,2024-06-21,01:59:00,Vandalism,Residential Area,12.555716,7.56196,Arrested
DUT10971,2022-11-16,23:54:00,Theft,Market,12.540161,7.552167,Not Arrested
DUT10972,2022-10-30,09:00:00,Assault,Residential Area,12.539383,7.553136,Not Arrested
DUT10973,2024-07-10,15:01:00,Assault,Market,12.546431,7.552608,Not Arrested
DUT10974,2023-02-22,17:33:00,Robbery,Motorpark,12.541542,7.559415,Not Arrested
DUT10975,2022-10-17,22:44:00,Robbery,Outskirts,12.556521,7.558972,Not Arrested
DUT10976,2024-12-14,01:16:00,Theft,Outskirts,12.498539,7.585238,Not Arrested
DUT10977,2023-07-10,01:29:00,Robbery,Near School,12.515885,7.546925,Arrested
DUT10978,2023-07-10,21:54:00,Fraud,Town Centre,12.522087,7.587489,Not Arrested
DUT10979,2022-02-09,09:55:00,Vandalism,Near School,12.491287,7.622755,Not Arrested
DUT10980,2024-11-07,22:06:00,Fraud,Motorpark,12.555121,7.564465,Not Arrested
DUT10981,2024-12-24,02:11:00,Theft,Motorpark,12.532902,7.565711,Under Investigation
DUT10982,2022-02-14,01:15:00,Fraud,Near School,12.544422,7.572904,Not Arrested
DUT10983,2024-03-16,23:10:00,Theft,Residential Area,12.545112,7.561792,Not Arrested
DUT10984,2023-09-12,07:32:00,Theft,Residential Area,12.530053,7.556975,Arrested
DUT10985,2024-03-03,00:35:00,Fraud,Residential Area,12.530102,7.582675,Not Arrested
DUT10986,2024-03-15,21:08:00,Theft,Outskirts,12.545871,7.501192,Not Arrested
DUT10987,2023-04-11,13:15:00,Burglary,Residential Area,12.547118,7.563895,Not Arrested
DUT10988,2023-11-06,14:34:00,Theft,Motorpark,12.533626,7.55223,Not Arrested
DUT10989,2023-02-19,04:19:00,Robbery,Market,12.556482,7.578951,Under Investigation
DUT10990,2024-05-30,04:41:00,Fraud,Residential Area,12.518542,7.568141,Under Investigation
DUT10991,2022-05-19,17:34:00,Fraud,Residential Area,12.514567,7.532408,Arrested
DUT10992,2022-10-26,23:01:00,Robbery,Near School,12.521466,7.577248,Under Investigation
DUT10993,2024-04-22,09:28:00,Robbery,Outskirts,12.553063,7.570262,Not Arrested
DUT10994,2023-07-15,04:49:00,Theft,Town Centre,12.548502,7.570324,Arrested
DUT10995,2023-07-01,19:36:00,Burglary,Market,12.52117,7.568638,Not Arrested
DUT10996,2022-02-23,11:05:00,Robbery,Motorpark,12.550008,7.575086,Not Arrested
DUT10997,2024-08-18,22:41:00,Assault,Near School,12.557778,7.574166,Under Investigation
DUT10998,2024-08-28,04:10:00,Theft,Town Centre,12.541029,7.581403,Arrested
DUT10999,2023-07-07,13:14:00,Robbery,Market,12.53347,7.542363,Under Investigation
DUT11000,2022-05-16,05:59:00,Fraud,Motorpark,12.530739,7.545102,Not Arrested
DUT11001,2024-09-30,22:20:00,Vandalism,Near School,12.520496,7.55711,Under Investigation
DUT11002,2024-04-09,01:38:00,Robbery,Residential Area,12.518152,7.553841,Not Arrested
DUT11003,2024-03-18,19:47:00,Burglary,Outskirts,12.496128,7.564266,Not Arrested
DUT11004,2022-03-20,16:06:00,Assault,Town Centre,12.534024,7.543658,Not Arrested
DUT11005,2023-05-19,16:34:00,Assault,Motorpark,12.547185,7.578751,Not Arrested
DUT11006,2024-03-04,16:48:00,Burglary,Residential Area,12.501849,7.544746,Arrested
DUT11007,2024-06-19,12:56:00,Assault,Near School,12.518617,7.541202,Not Arrested
DUT11008,2022-12-07,13:18:00,Burglary,Motorpark,12.550589,7.556123,Arrested
DUT11009,2022-10-19,14:53:00,Burglary,Motorpark,12.52871,7.519923,Arrested
DUT11010,2022-08-20,05:49:00,Burglary,Motorpark,12.546708,7.535215,Under Investigation
DUT11011,2022-10-05,12:26:00,Assault,Near School,12.535199,7.565548,Arrested
DUT11012,2023-02-18,14:05:00,Theft,Outskirts,12.561213,7.533824,Not Arrested
DUT11013,2022-12-02,22:46:00,Theft,Near School,12.47361,7.563677,Arrested
DUT11014,2024-01-14,02:33:00,Robbery,Motorpark,12.57001,7.584779,Not Arrested
DUT11015,2022-11-24,12:35:00,Assault,Residential Area,12.538193,7.550167,Not Arrested
DUT11016,2022-11-04,05:55:00,Theft,Town Centre,12.550142,7.540529,Not Arrested
DUT11017,2024-05-09,09:19:00,Robbery,Residential Area,12.543527,7.570109,Under Investigation
DUT11018,2023-01-06,03:57:00,Theft,Motorpark,12.555204,7.615193,Not Arrested
DUT11019,2023-06-03,00:29:00,Assault,Town Centre,12.541848,7.549821,Not Arrested
DUT11020,2024-10-07,07:13:00,Burglary,Near School,12.533489,7.524618,Not Arrested
DUT11021,2024-06-23,02:38:00,Burglary,Motorpark,12.520106,7.551814,Not Arrested
DUT11022,2023-07-24,19:40:00,Burglary,Town Centre,12.523518,7.563047,Not Arrested
DUT11023,2023-01-14,04:03:00,Robbery,Town Centre,12.517552,7.582421,Arrested
DUT11024,2023-09-04,10:58:00,Theft,Market,12.534004,7.559814,Arrested
DUT11025,2022-11-27,21:18:00,Burglary,Motorpark,12.527442,7.563104,Not Arrested
DUT11026,2022-12-30,14:47:00,Burglary,Town Centre,12.550502,7.542657,Under Investigation
DUT11027,2023-09-05,10:23:00,Vandalism,Near School,12.520838,7.553925,Not Arrested
DUT11028,2022-05-13,09:30:00,Theft,Residential Area,12.507083,7.543615,Not Arrested
DUT11029,2023-11-06,16:26:00,Burglary,Motorpark,12.524476,7.577488,Not Arrested
DUT11030,2022-04-30,03:36:00,Robbery,Town Centre,12.539251,7.563872,Not Arrested
DUT11031,2024-09-17,23:44:00,Burglary,Outskirts,12.551018,7.557253,Not Arrested
DUT11032,2023-08-12,13:38:00,Vandalism,Motorpark,12.541809,7.557936,Not Arrested
DUT11033,2023-12-26,04:39:00,Burglary,Outskirts,12.539307,7.548345,Not Arrested
DUT11034,2024-10-16,15:51:00,Theft,Outskirts,12.485224,7.557314,Not Arrested
DUT11035,2023-08-18,06:00:00,Theft,Town Centre,12.562455,7.578524,Not Arrested
DUT11036,2023-03-01,19:26:00,Assault,Motorpark,12.553308,7.584723,Not Arrested
DUT11037,2023-03-11,00:40:00,Theft,Town Centre,12.535773,7.563946,Not Arrested
DUT11038,2023-09-23,09:32:00,Burglary,Town Centre,12.521647,7.553679,Not Arrested
DUT11039,2023-11-14,10:25:00,Robbery,Town Centre,12.546315,7.584078,Not Arrested
DUT11040,2022-12-26,06:21:00,Vandalism,Near School,12.531211,7.550996,Under Investigation
DUT11041,2024-08-29,01:41:00,Theft,Near School,12.534011,7.572024,Arrested
DUT11042,2023-11-18,14:50:00,Vandalism,Town Centre,12.505123,7.514076,Under Investigation
DUT11043,2024-12-03,09:36:00,Robbery,Motorpark,12.522989,7.535586,Not Arrested
DUT11044,2022-02-08,06:36:00,Robbery,Residential Area,12.523837,7.557044,Not Arrested
DUT11045,2022-05-16,04:17:00,Vandalism,Near School,12.524935,7.589049,Not Arrested
DUT11046,2024-12-30,05:36:00,Burglary,Town Centre,12.540535,7.566009,Arrested
DUT11047,2023-09-24,22:54:00,Assault,Near School,12.546444,7.537223,Arrested
DUT11048,2022-06-27,15:56:00,Theft,Residential Area,12.554782,7.558485,Not Arrested
DUT11049,2023-03-19,16:19:00,Theft,Town Centre,12.54741,7.538563,Not Arrested
DUT11050,2023-02-18,02:28:00,Burglary,Motorpark,12.502925,7.576358,Not Arrested
DUT11051,2022-11-12,06:21:00,Fraud,Motorpark,12.541528,7.541959,Not Arrested
DUT11052,2023-09-28,10:09:00,Robbery,Motorpark,12.516607,7.582509,Arrested
DUT11053,2022-09-29,06:46:00,Theft,Motorpark,12.510212,7.592853,Not Arrested
DUT11054,2022-08-26,00:19:00,Fraud,Motorpark,12.515988,7.572768,Not Arrested
DUT11055,2022-06-28,10:29:00,Vandalism,Outskirts,12.527428,7.572064,Arrested
DUT11056,2023-10-02,00:36:00,Robbery,Market,12.523118,7.556744,Not Arrested
DUT11057,2023-10-20,06:12:00,Theft,Near School,12.534818,7.539956,Not Arrested
DUT11058,2022-08-29,08:09:00,Theft,Motorpark,12.548816,7.549736,Arrested
DUT11059,2024-11-18,03:13:00,Burglary,Residential Area,12.529428,7.540113,Not Arrested
DUT11060,2022-10-17,22:51:00,Theft,Town Centre,12.482753,7.556179,Not Arrested
DUT11061,2023-09-30,19:57:00,Assault,Market,12.582252,7.575692,Not Arrested
DUT11062,2022-03-01,15:57:00,Robbery,Town Centre,12.533615,7.554742,Arrested
DUT11063,2022-06-26,13:25:00,Theft,Motorpark,12.534449,7.570942,Not Arrested
DUT11064,2024-07-02,19:22:00,Assault,Outskirts,12.510384,7.582286,Not Arrested
DUT11065,2024-12-28,02:59:00,Robbery,Market,12.548308,7.574364,Not Arrested
DUT11066,2022-07-10,22:29:00,Theft,Outskirts,12.54277,7.560392,Not Arrested
DUT11067,2024-08-11,15:14:00,Fraud,Motorpark,12.547457,7.571836,Arrested
DUT11068,2023-06-13,11:25:00,Theft,Residential Area,12.526919,7.548528,Under Investigation
DUT11069,2023-10-28,14:31:00,Theft,Residential Area,12.536037,7.59098,Not Arrested
DUT11070,2024-09-07,14:54:00,Theft,Motorpark,12.509218,7.530649,Not Arrested
DUT11071,2022-09-18,16:06:00,Assault,Town Centre,12.537295,7.561018,Not Arrested
DUT11072,2023-10-30,17:41:00,Theft,Near School,12.537467,7.564879,Not Arrested
DUT11073,2024-03-31,18:26:00,Theft,Market,12.529536,7.589797,Not Arrested
DUT11074,2024-09-14,12:04:00,Assault,Motorpark,12.501982,7.54343,Not Arrested
DUT11075,2024-06-01,13:36:00,Robbery,Market,12.531935,7.527136,Not Arrested
DUT11076,2022-12-21,21:42:00,Theft,Motorpark,12.530483,7.593229,Under Investigation
DUT11077,2024-09-23,03:37:00,Burglary,Town Centre,12.534418,7.564614,Not Arrested
DUT11078,2024-06-30,05:19:00,Fraud,Town Centre,12.508797,7.547673,Arrested
DUT11079,2024-02-16,10:31:00,Burglary,Market,12.526496,7.553646,Arrested
DUT11080,2022-10-12,18:57:00,Robbery,Market,12.559633,7.571154,Not Arrested
DUT11081,2022-11-02,14:34:00,Theft,Near School,12.511771,7.56493,Not Arrested
DUT11082,2023-02-05,06:43:00,Vandalism,Outskirts,12.543964,7.582803,Not Arrested
DUT11083,2023-09-16,13:45:00,Fraud,Town Centre,12.565611,7.539698,Not Arrested
DUT11084,2022-01-17,19:32:00,Assault,Residential Area,12.517783,7.534848,Arrested
DUT11085,2022-05-08,11:57:00,Burglary,Outskirts,12.52932,7.569327,Arrested
DUT11086,2024-01-06,03:55:00,Theft,Near School,12.553747,7.558481,Arrested
DUT11087,2024-03-18,20:20:00,Robbery,Near School,12.527603,7.563035,Not Arrested
DUT11088,2023-03-09,21:11:00,Assault,Near School,12.517297,7.601791,Arrested
DUT11089,2024-01-08,13:09:00,Theft,Market,12.501847,7.563695,Under Investigation
DUT11090,2022-10-03,00:04:00,Burglary,Near School,12.574472,7.560136,Arrested
DUT11091,2024-06-13,04:05:00,Theft,Near School,12.530199,7.552851,Not Arrested
DUT11092,2024-05-21,19:11:00,Assault,Near School,12.530392,7.587457,Not Arrested
DUT11093,2024-02-27,11:14:00,Theft,Motorpark,12.489763,7.590669,Not Arrested
DUT11094,2024-10-17,23:15:00,Robbery,Motorpark,12.505521,7.554667,Not Arrested
DUT11095,2024-01-22,01:02:00,Burglary,Town Centre,12.525415,7.571771,Not Arrested
DUT11096,2024-09-13,22:05:00,Theft,Residential Area,12.502038,7.569243,Not Arrested
DUT11097,2024-08-10,16:05:00,Burglary,Market,12.574486,7.532737,Not Arrested
DUT11098,2024-08-25,20:47:00,Robbery,Outskirts,12.537794,7.54676,Not Arrested
DUT11099,2023-10-02,19:03:00,Fraud,Town Centre,12.542518,7.560383,Not Arrested
DUT11100,2024-08-18,14:32:00,Fraud,Residential Area,12.52117,7.569757,Not Arrested
DUT11101,2024-05-12,11:51:00,Theft,Outskirts,12.570087,7.556182,Arrested
DUT11102,2023-09-15,23:50:00,Burglary,Near School,12.548395,7.534135,Arrested
DUT11103,2022-12-13,18:03:00,Robbery,Outskirts,12.514871,7.569448,Not Arrested
DUT11104,2022-02-25,09:31:00,Theft,Residential Area,12.563682,7.567112,Not Arrested
DUT11105,2023-06-01,04:39:00,Theft,Town Centre,12.527739,7.559986,Under Investigation
DUT11106,2022-08-17,19:11:00,Fraud,Outskirts,12.508992,7.57209,Not Arrested
DUT11107,2024-07-03,11:51:00,Theft,Market,12.551647,7.550958,Not Arrested
DUT11108,2024-09-20,05:51:00,Burglary,Town Centre,12.524599,7.565318,Arrested
DUT11109,2022-10-25,19:59:00,Vandalism,Near School,12.525266,7.558677,Not Arrested
DUT11110,2024-02-24,07:42:00,Assault,Market,12.575994,7.555059,Not Arrested
DUT11111,2023-12-08,01:41:00,Theft,Town Centre,12.526833,7.547049,Not Arrested
DUT11112,2022-12-10,14:25:00,Assault,Motorpark,12.548884,7.556376,Not Arrested
DUT11113,2023-04-24,12:43:00,Robbery,Market,12.521013,7.586426,Not Arrested
DUT11114,2024-12-22,13:00:00,Theft,Near School,12.562392,7.547992,Not Arrested
DUT11115,2023-10-09,16:43:00,Fraud,Motorpark,12.496669,7.58015,Arrested
DUT11116,2023-12-26,13:39:00,Fraud,Residential Area,12.520307,7.575813,Under Investigation
DUT11117,2023-07-08,08:51:00,Theft,Near School,12.494598,7.577852,Not Arrested
DUT11118,2024-08-02,21:47:00,Theft,Market,12.509777,7.574615,Not Arrested
DUT11119,2024-11-30,10:43:00,Robbery,Motorpark,12.534285,7.540921,Arrested
DUT11120,2022-01-22,21:00:00,Vandalism,Town Centre,12.525859,7.573726,Arrested
DUT11121,2024-12-11,03:43:00,Assault,Residential Area,12.536118,7.571688,Not Arrested
DUT11122,2023-05-31,06:02:00,Theft,Motorpark,12.573529,7.528715,Arrested
DUT11123,2023-03-21,19:40:00,Theft,Town Centre,12.566344,7.562087,Under Investigation
DUT11124,2022-09-24,12:42:00,Robbery,Market,12.516024,7.533394,Not Arrested
DUT11125,2022-08-16,22:11:00,Theft,Town Centre,12.530218,7.578433,Not Arrested
DUT11126,2024-07-17,08:49:00,Assault,Residential Area,12.531449,7.590223,Under Investigation
DUT11127,2023-06-12,05:49:00,Theft,Near School,12.504976,7.559758,Not Arrested
DUT11128,2024-03-06,10:03:00,Theft,Market,12.508952,7.567273,Not Arrested
DUT11129,2024-06-21,02:31:00,Fraud,Near School,12.551738,7.551585,Not Arrested
DUT11130,2023-01-01,20:31:00,Theft,Near School,12.481916,7.563979,Not Arrested
DUT11131,2023-03-24,19:41:00,Theft,Residential Area,12.542735,7.568086,Not Arrested
DUT11132,2022-07-31,01:04:00,Theft,Near School,12.558716,7.538579,Not Arrested
DUT11133,2022-02-08,15:09:00,Robbery,Town Centre,12.547604,7.58385,Arrested
DUT11134,2024-03-10,08:09:00,Robbery,Motorpark,12.498428,7.566393,Under Investigation
DUT11135,2022-01-08,16:45:00,Fraud,Near School,12.523916,7.55837,Not Arrested
DUT11136,2024-04-07,23:49:00,Vandalism,Market,12.540954,7.550255,Arrested
DUT11137,2022-01-07,12:44:00,Vandalism,Motorpark,12.520486,7.560683,Not Arrested
DUT11138,2024-01-06,10:43:00,Assault,Outskirts,12.512255,7.538283,Arrested
DUT11139,2022-07-05,11:34:00,Vandalism,Near School,12.547587,7.537024,Not Arrested
DUT11140,2023-08-17,20:12:00,Theft,Near School,12.547326,7.569252,Arrested
DUT11141,2023-01-27,09:44:00,Assault,Outskirts,12.499484,7.546449,Arrested
DUT11142,2024-01-06,15:05:00,Vandalism,Market,12.557882,7.540377,Not Arrested
DUT11143,2022-10-14,01:12:00,Theft,Market,12.524712,7.569241,Under Investigation
DUT11144,2024-09-28,12:04:00,Robbery,Near School,12.549668,7.554969,Not Arrested
DUT11145,2024-12-29,14:01:00,Theft,Outskirts,12.52205,7.588447,Arrested
DUT11146,2022-03-29,12:07:00,Theft,Motorpark,12.568778,7.579577,Not Arrested
DUT11147,2024-07-27,21:55:00,Vandalism,Motorpark,12.535706,7.543835,Arrested
DUT11148,2023-04-23,02:02:00,Robbery,Town Centre,12.517391,7.57045,Not Arrested
DUT11149,2024-08-23,19:02:00,Theft,Town Centre,12.542368,7.588032,Not Arrested
DUT11150,2022-12-19,20:03:00,Fraud,Town Centre,12.547009,7.529938,Not Arrested
DUT11151,2024-07-23,19:10:00,Vandalism,Town Centre,12.555039,7.540039,Arrested
DUT11152,2022-08-22,15:38:00,Robbery,Market,12.526321,7.565004,Not Arrested
DUT11153,2024-05-22,10:51:00,Vandalism,Near School,12.573913,7.622198,Not Arrested
DUT11154,2023-10-27,03:43:00,Burglary,Market,12.546134,7.556336,Arrested
DUT11155,2022-04-04,18:11:00,Assault,Market,12.54469,7.577753,Arrested
DUT11156,2024-04-30,05:44:00,Assault,Market,12.527587,7.595904,Arrested
DUT11157,2022-03-25,04:06:00,Robbery,Near School,12.538601,7.569955,Not Arrested
DUT11158,2022-11-20,00:56:00,Assault,Market,12.547318,7.568432,Arrested
DUT11159,2022-07-02,22:41:00,Burglary,Outskirts,12.550779,7.547655,Not Arrested
DUT11160,2024-09-01,22:08:00,Theft,Motorpark,12.522834,7.537997,Not Arrested
DUT11161,2024-07-11,13:15:00,Fraud,Town Centre,12.54279,7.575579,Not Arrested
DUT11162,2023-01-04,22:31:00,Burglary,Residential Area,12.543155,7.59349,Arrested
DUT11163,2023-12-14,13:00:00,Burglary,Motorpark,12.533888,7.573375,Arrested
DUT11164,2022-07-15,19:23:00,Vandalism,Motorpark,12.512166,7.552258,Under Investigation
DUT11165,2023-03-26,14:49:00,Burglary,Town Centre,12.547911,7.576982,Not Arrested
DUT11166,2023-02-01,03:50:00,Theft,Near School,12.528121,7.558568,Not Arrested
DUT11167,2024-10-15,05:10:00,Robbery,Outskirts,12.503643,7.552859,Arrested
DUT11168,2024-01-16,09:13:00,Assault,Near School,12.551808,7.571504,Not Arrested
DUT11169,2022-03-30,03:47:00,Theft,Market,12.544013,7.560995,Not Arrested
DUT11170,2022-03-01,15:32:00,Theft,Outskirts,12.534141,7.546794,Under Investigation
DUT11171,2024-06-29,18:37:00,Assault,Outskirts,12.547977,7.568419,Arrested
DUT11172,2023-10-30,07:49:00,Theft,Market,12.54384,7.549479,Not Arrested
DUT11173,2024-04-24,06:24:00,Vandalism,Motorpark,12.490933,7.581943,Arrested
DUT11174,2024-09-19,01:56:00,Assault,Motorpark,12.524423,7.542744,Not Arrested
DUT11175,2024-07-20,05:24:00,Assault,Market,12.54787,7.55216,Not Arrested
DUT11176,2024-01-05,08:12:00,Assault,Motorpark,12.555199,7.57234,Arrested
DUT11177,2022-05-03,08:08:00,Theft,Near School,12.547671,7.532681,Not Arrested
DUT11178,2022-12-17,10:14:00,Vandalism,Outskirts,12.558239,7.565225,Not Arrested
DUT11179,2022-12-15,18:35:00,Vandalism,Motorpark,12.526614,7.562868,Arrested
DUT11180,2024-09-28,06:37:00,Assault,Town Centre,12.498475,7.568173,Not Arrested
DUT11181,2024-05-26,23:55:00,Theft,Motorpark,12.513413,7.532947,Not Arrested
DUT11182,2023-04-01,18:09:00,Fraud,Near School,12.503553,7.582254,Under Investigation
DUT11183,2022-04-01,01:30:00,Robbery,Near School,12.521415,7.590675,Not Arrested
DUT11184,2024-12-23,12:30:00,Vandalism,Town Centre,12.523284,7.525853,Not Arrested
DUT11185,2024-07-15,15:15:00,Theft,Outskirts,12.51167,7.584716,Not Arrested
DUT11186,2024-04-12,06:08:00,Assault,Town Centre,12.530882,7.549034,Not Arrested
DUT11187,2022-02-02,15:42:00,Assault,Motorpark,12.5372,7.570036,Not Arrested
DUT11188,2022-02-19,14:29:00,Robbery,Near School,12.556348,7.58897,Under Investigation
DUT11189,2023-01-14,11:40:00,Assault,Outskirts,12.526805,7.533479,Not Arrested
DUT11190,2022-05-25,12:57:00,Robbery,Residential Area,12.525731,7.565206,Not Arrested
DUT11191,2024-05-22,08:44:00,Fraud,Market,12.514725,7.540857,Not Arrested
DUT11192,2022-06-15,19:56:00,Assault,Motorpark,12.540876,7.559027,Under Investigation
DUT11193,2024-01-16,01:07:00,Assault,Town Centre,12.534656,7.54483,Not Arrested
DUT11194,2024-01-19,11:11:00,Burglary,Motorpark,12.529392,7.541515,Not Arrested
DUT11195,2023-02-24,04:21:00,Theft,Near School,12.551804,7.580705,Arrested
DUT11196,2023-03-06,23:48:00,Theft,Residential Area,12.497076,7.54141,Not Arrested
DUT11197,2024-10-28,21:27:00,Theft,Residential Area,12.504069,7.547,Arrested
DUT11198,2024-07-15,15:32:00,Burglary,Outskirts,12.532331,7.531007,Arrested
DUT11199,2024-12-25,21:52:00,Burglary,Motorpark,12.515563,7.539921,Not Arrested
DUT11200,2024-01-24,21:44:00,Vandalism,Town Centre,12.538145,7.561387,Under Investigation
